descriptor_id,descriptor,cleaned_descriptor,merchant_name,merchant_city,merchant_state,merchant_postal_code,merchant_country,merchant_id
009f1933-13df-4267-a84e-4c235502bbfd,EXXON AMAL SHAHIN,EXXON,Exxonmobil,,CA,90007,USA,7096784d-8a26-4a02-b4ad-51212289b05b
015fab2a-f6fb-41b5-8815-58d61c0325a8,SP KAUAI COFFEE,,Shopify,,HI,96741,USA,
0163975f-87ab-40f5-9262-b669f369434d,WALGREENS #5826,WALGREENS,Walgreens,,TX,75254,USA,96d73295-5392-4975-a0cd-aabca0fb7ddc
019ea5a3-5a26-43a6-8d27-d9cdff883ca3,ATT*BILL PAYMENT,ATT,At&T,,TX,752110000,USA,47a0ced9-0ab8-4832-b812-20a8a8f57e87
0288f76f-722b-41f9-b055-95010eb10e47,POS CITY FRESH MARKET NEW /,CITY MARKET,City Market,York,NY,,US,6899ec1e-99be-4a54-906c-2af2c5013b51
02d95e58-ffaa-47bf-923f-03827bc55887,Adidas Factory Store,ADIDAS,Adidas,,FL,33323-,,ab705d99-bb1a-4a3c-8c35-5d8137a8263e
02f38107-e202-4382-a469-36021e910371,FLUZAPP*SMOOTHIEKING,FLUZAPP,Fluz,,NY,,,73592572-bed3-4192-a996-b4facb35f064
03246409-7aa6-46bf-bda6-18b1727ae2f4,Dick's Sportinggoods,DICK S SPORTINGGOODS,Dick'S Sporting Goods,Victor,NY,,,b8ebe955-2f56-410a-9608-0b14e70bbe56
03525435-d461-4f6f-89e8-124363bafecd,WM SUPERCENTER #1960,WALMART,Walmart,,FL,,USA,b44e177a-7699-4b7b-9e48-0aa438f3edef
03ba6cd2-b536-4207-854c-7cc79a36c90d,AVIANCA,AVIANCA,Avianca Airlines,,FL,33166,USA,5c731ebd-a292-4854-870f-1b09236f19f7
03c4f139-e553-4f96-a31d-d461ba55084e,COCA COLA TUCSON,COCA COLA TUCSON,Coca Cola,,AZ,85743,USA,2c184a9b-0aa1-4f59-a443-51f39748c4ea
059d54ee-a7a5-44cf-b58c-802dfda31b41,FRYS-FOOD 2626 83RD AV,,FRYS-FOOD 2626 83RD AV,,AZ,85043,USA,
068b9f7b-56dd-4318-9e76-0c6c15308cce,WWW COSTCO COM,WWW COSTCO COM,Costco,,WA,98027,USA,902e7383-061f-44a8-8faa-4582d559dd3e
06ad7b26-09ee-4395-b199-e57c45ff2647,Amc Barton,,AMC Theatres,,TX,,,
0705b3c9-f08d-4922-9036-df3db7a257ad,Chuck E Cheese,CHUCK E CHEESE,Chuck E. Cheese'S,Edison,NJ,,,bba286fa-4310-48de-86a5-463ccf3d639e
07b4a622-9bd3-4ac5-97f6-da22ed0164f7,ATT*BILL PAYMENT,ATT,At&T,,48,75202,USA,47a0ced9-0ab8-4832-b812-20a8a8f57e87
07f4a29a-7e7e-4aa6-9f62-82fe249f0a96,Klarna klarna single,KLARNA KLARNA SINGLE,Klarna,,DE,19801,USA,633a1451-a94c-47a0-9cd0-3fa2dd41ea16
093cc71e-5d40-4460-b006-f4bc415501f9,Cinemark,CINEMARK,Cinemark,,CA,,US,5b5c1b85-0a41-460d-92be-fddef50601c0
09dde7f0-1fb6-46f6-ba49-2a3453eccc92,Cinemark USA * Trial C,CINEMARK USA,Cinemark,,TX,75093,USA,5b5c1b85-0a41-460d-92be-fddef50601c0
0aa7870c-aa70-40a1-ae31-4d4db6d0900f,Domains g.co/helppay#,DOMAINS G CO HELPPAY,Domino'S,,CA,,,8f2bd73f-2847-488a-b720-ee5d6a5631b3
0adbcce5-8e9a-4886-8144-daaff98ef6a9,HOTELCOM72938922795073,HOTELCOM72938922795073,Hotels.Com,,WA,98119,USA,19fa92c4-f97b-4c2e-afb9-fe5237b4c32e
0b35e4c4-6ea8-437e-8691-5c97822b377f,Chime Bank,CHIME BANK,Chime,,CA,94108,USA,561c1c49-8179-4915-9bd8-f66b7cdd9648
0b3ea782-55e4-4b9f-83a2-ba103074502a,AMERICAN AI 0012169253590,AMERICAN AI,American Airlines,,TX,76155,USA,0c9da074-ce31-43a9-a7bf-27b3d493092a
0b421197-0461-419a-b35a-b65eba36e1eb,AVIANCA,AVIANCA,Avianca Airlines,,FL,33166,USA,5c731ebd-a292-4854-870f-1b09236f19f7
0bc90256-6d73-4888-aff3-6f295e4e73d7,ExxonMobil,EXXON,Exxonmobil,Sorrento,LA,70778,,7096784d-8a26-4a02-b4ad-51212289b05b
0c196dc8-7152-4256-af09-6ea71d6cf51f,CITY MARKET #0443,CITY MARKET,City Market,,CO,,USA,6899ec1e-99be-4a54-906c-2af2c5013b51
0c2352d1-e364-4dd7-9a24-3e28101c66a1,FOOD LION #0742 1319 M,FOOD LION M,Food Lion,,NC,28405,USA,7a8748f9-92f2-4707-bce0-fc112761b4a1
0c280735-b79e-4a90-b199-4328e8e580c9,Purchase DD *DOORDASH SUBWAY,,Subway,,CA,,US,
0c51b183-918d-4646-8a8c-dbf993ac022b,SHOPIFY* 194273009,SHOPIFY,Shopify,,IL,600076020,USA,574eb114-18e7-4e33-b47b-a0b703c24e12
0c68f4ba-a900-4021-a51b-130877d6994e,KLARNA* AT T,KLARNA,Klarna,,OH,43215,USA,633a1451-a94c-47a0-9cd0-3fa2dd41ea16
0c826ddc-dec7-4113-95ee-2fa75354236e,STAPLES PROMOT,STAPLES PROMOT,Staples,,KS,66210,USA,b823b323-cde1-4edc-8c84-f7d7520aed5e
0d068b76-490c-4658-b6bc-e0999bcc9546,Designer Shoe Warehouse,DESIGNER SHOE WAREHOUSE,Designer Shoe Warehouse,Bloomington,MN,,,bde9c3dd-2da4-4d54-b089-f19c7cc32cf9
0d429bfb-b794-4f60-8f0a-fcdc3374d417,TRADER JO TRADER JOES,TRADER JO TRADER JOES,Trader Joe'S,,CA,94526,USA,6f7809ab-f60d-49fd-bc8e-d764968ef2ee
0d60b72c-2644-4609-acf2-7ee9599ebfa6,TACO BELL 734362,TACO BELL,Taco Bell,,TN,38501,USA,abb94fe7-7084-4ace-a00d-53f446223806
0db0a313-c159-40f4-97ea-15ee1020c559,SPARKLIGHT,SPARKLIGHT,Sparklight,,AZ,850122626,USA,0169cc1a-8f7d-48eb-b6ca-d1ef88407f68
0e061570-e442-499f-b292-b6be69d24526,SAMSCLUB,SAMSCLUB,Steam,,NY,100017607,USA,543f9e7f-9e88-4374-891c-819c8483ad17
0e6fef6a-aef0-491c-b39e-07f94ab82166,Domino's,DOMINO S,Domino'S,Folsom,CA,,,8f2bd73f-2847-488a-b720-ee5d6a5631b3
0eff1e2b-65c1-4eb1-a9ea-357c219d7d73,Nintendo CA1238214189,NINTENDO CA1238214189,Nintendo Eshop,,53,98052,USA,8f624e9c-47cc-46d7-8c91-c331c7694568
0f9d7285-68f2-4bce-ac79-183ffdeeed78,Uniqlo USA LLC,UNIQLO USA LLC,Uniqlo,,NY,,USA,63f628a8-bc7a-495e-9a20-814311bfa2a5
0fac7e21-c80c-4d66-9a4e-3a4722d861c0,TESLA SUBSCRIPTION US,TESLA SUBSCRIPTION US,Tesla,,06,94304,USA,6cd60727-a74a-451a-beae-62209474ad8b
0fb250a0-4658-44b4-b72e-3dda46083bf3,ADOBE  *CREATIVE CLOUD,ADOBE,Adobe,,CA,,USA,67d7c342-a16e-434f-b0af-824f62496cb1
0fbe0e18-cefc-4d49-9597-fc2a5718f296,SHOPIFY.COM/C,SHOPIFY COM C,Shopify,,IL,600076020,USA,574eb114-18e7-4e33-b47b-a0b703c24e12
0fd8289c-46ad-433b-8716-dfea82df7854,Card Dunkin,CARD DUNKIN,Dunkin',North Port,FL,34287-,,38c51a81-748f-458c-9b02-71c0c49f286a
121bfa32-ec81-408f-8759-73173b8785a5,Cheddar's,,Cheddars Scratch Kitchen,Lutz,FL,,,
14b5ca31-ef50-4108-9377-9d0ef0882b38,Dillons,DILLONS,Dillons,Romney,WV,,,573d2f19-284d-49df-9684-5c5cb360607a
14fd6306-d4d5-44dc-a371-3064d42cda01,Buffalo Wild Wings,BUFFALO WILD WINGS,Buffalo Wild Wings,Chesapeake,OH,,,e97f7c74-dd41-4c85-98a7-8e7a2f37d9d0
1531092b-5227-4076-ae9d-52c10d46d519,SHOPIFY-CHARGE.COM,SHOPIFY CHARGE COM,Shopify,,TX,77338,USA,574eb114-18e7-4e33-b47b-a0b703c24e12
154f67ee-cc3e-4b98-b03f-04cf60c9232f,Costco,COSTCO,Costco,Lehi,UT,84043,US,902e7383-061f-44a8-8faa-4582d559dd3e
15c883ec-17fb-4e7c-885d-c15ea2f15714,Target Card Services,TARGET CARD SERVICES,Target,,27,55416,USA,5708f213-3880-4f90-9670-0d9d70430050
1800a872-3d7a-4b0c-b546-f44c531be292,City-market,CITY MARKET,City Market,Aspen,CO,,,6899ec1e-99be-4a54-906c-2af2c5013b51
1844ec26-071f-496a-9c9f-95f29dae400e,TRADER JOE?S #246,TRADER JOE S,Trader Joe'S,,CA,,USA,6f7809ab-f60d-49fd-bc8e-d764968ef2ee
19296201-99fc-4834-a184-a216b71d489f,UBER   *BANGKOKWESTT,UBER,Uber,,CA,941030000,USA,a6ebb452-1fb7-45a5-a29f-21007c26fcbc
19fa7e28-5398-4351-9867-9774e7bc81ec,Klarna,KLARNA,Klarna,,OH,43215,USA,633a1451-a94c-47a0-9cd0-3fa2dd41ea16
1a0961be-516f-4803-afeb-c9fb6f66068c,BESTBUY.COM,,BESTBUY.COM,,MN,554230000,USA,
1a2c4cf7-52c0-4e16-a2eb-7cb93295f1e2,Abercrombie Ki,ABERCROMBIE KI,Abercrombie & Fitch,,CA,,,100b54da-1090-43cf-a740-13181be51d00
1a3f1a2f-9027-47ab-b410-cb6e00ddd925,eBay O*21-12887-73318,EBAY O,Ebay,,CA,95131,USA,619e0c0f-7b7f-41a0-84d5-1920a88e5eff
1a72d06c-4ed6-4990-90f0-3c5fbcb0320f,TARGET T-3250,TARGET T,Target,,TX,78705,USA,5708f213-3880-4f90-9670-0d9d70430050
1a7399fd-5133-4da8-b8aa-731d648d79bf,Chuck E Cheese,CHUCK E CHEESE,Chuck E. Cheese'S,Orlando,FL,,,bba286fa-4310-48de-86a5-463ccf3d639e
1c90c611-5542-45f6-8110-d514491a7868,WAL-MART #0618,WAL MART,H Mart,,GA,,USA,9af19142-a550-45f6-a17f-d32a9cb1cf81
1cb23dd7-5e22-45d2-a7a9-38dee263f45b,BESTBUY.COM,,BESTBUY.COM,,MN,554230000,USA,
1dda58fb-8711-4965-8a97-657410eaa5d8,AMERICAN AIR AA ARDDMO,AMERICAN AIR AA ARDDMO,American Airlines,,AZ,85034,USA,0c9da074-ce31-43a9-a7bf-27b3d493092a
1f0784a6-60d9-4112-9ba7-436dc0d49502,UPS*BILLING CENTER,UPS,Ups,,13,30328,USA,08b9685d-ce88-4343-9f5f-8921840b455f
1f13797f-3606-4379-bfda-3e10eac50e46,WMT PLUS Dec 2024,,WMT PLUS Dec 2024,,AR,72716,USA,
1fc27531-8e67-4496-a776-7c30be86aca2,H MART IRVINE WESTPARK,H MART,H Mart,,CA,92606,USA,9af19142-a550-45f6-a17f-d32a9cb1cf81
1fe3f504-717c-4558-9e8a-1bf4fed1aece,Airbnb,AIRBNB,Airbnb,,CA,,,b9268df3-3cb2-4361-8629-433889870aa5
1fee8c9f-e748-49bd-b5e3-f8ea2b06e981,AMAZON MKTPL*HR06S81A3,AMAZON MKTPL,Amazon,,WA,98109,USA,a22a954d-ca10-44e0-82d9-e007a0611369
2011f38d-679f-40e9-8bef-d092aba4a92f,FLUZAPP*DUNKIN,FLUZAPP,Fluz,,NY,10001,USA,73592572-bed3-4192-a996-b4facb35f064
209c900b-35d0-4f6b-89b6-58ce01b7a9e5,WM SUPERCENTER #4682,WALMART,Walmart,,VA,,USA,b44e177a-7699-4b7b-9e48-0aa438f3edef
20dc3cba-67ce-4812-9adc-b3ae7ee21c16,Nintendo CA1238212734,NINTENDO CA1238212734,Nintendo Eshop,,53,98052,USA,8f624e9c-47cc-46d7-8c91-c331c7694568
21475f2b-c184-43a5-83f5-c0f3f4fd2034,COACH CASHSTAR EGFTCRD,,COACH CASHSTAR EGFTCRD,,ME,,USA,
2243109c-b2c1-4df8-8511-6039af4825d5,MARSHALLS #1368,MARSHALLS,Marshalls,,NJ,07652,USA,98a5f68a-c392-473d-a82a-c1a42d4630c0
22599faf-5f2a-42ec-8405-900b0050df8f,TM *TICKETMASTER,TM,Ticketmaster,,CA,,USA,5fd8fa54-4876-4e8b-9a6a-3e515b98b998
233e1af3-575b-4bb5-b8bc-c93f6b6bc19e,KLM ECOMM VISA,,KLM ECOMM VISA,,36,100195369,USA,
233f1ef0-b817-4dad-b9b5-0a82e6377d58,DSW.,DSW,Dick'S Sporting Goods,,OH,43219,USA,b8ebe955-2f56-410a-9608-0b14e70bbe56
2345eb8e-da30-4d50-a780-5fd2f18b5b1c,CNK*CINEMARK.COM 001,,CNK*CINEMARK.COM 001,,TX,,USA,
237a0eea-d9a6-455e-a6cd-e0dced1782ce,AMERICAN AI 0012138045240,AMERICAN AI,American Airlines,,TX,76155,USA,0c9da074-ce31-43a9-a7bf-27b3d493092a
23833e89-ef96-4f83-9a25-2c29250e0ab3,WENDY'S DIGITAL,WENDY S DIGITAL,Wendy'S,,OH,43017,USA,071b4c72-8175-4e50-a59e-726bc90e150f
23a175b4-59ee-4610-87fe-fb68db488ea1,KLARNA* KLARNA,KLARNA,Klarna,,OH,43215,USA,633a1451-a94c-47a0-9cd0-3fa2dd41ea16
23dc6d1a-4446-4626-90cb-fd29f3a4dabf,PURCHASE 02/28 EBAY O*22-XXXXX-11750,PURCHASE EBAY O,Ebay,San Jose,CA,,,619e0c0f-7b7f-41a0-84d5-1920a88e5eff
246ec91e-c1ae-4988-b0a6-154c0576539a,Airbnb Hmapwtspyw Airbnb.com,AIRBNB HMAPWTSPYW AIRBNB COM,Airbnb,,CA,,,b9268df3-3cb2-4361-8629-433889870aa5
24dd92a6-8f60-4e3b-9be3-db8a5a47fecf,CITY-MARK 711 E. COOPE,CITY MARK E COOPE,City Market,,CO,81611,USA,6899ec1e-99be-4a54-906c-2af2c5013b51
264595e8-cff7-40fc-b9d0-cd1997dfa50c,SIXFLAGS MM VALENCIACA,SIXFLAGS MM VALENCIACA,Six Flags,,CA,91355,USA,30d98946-1e0b-42a8-8951-6d3e7cff2638
26807373-06cd-49aa-99c8-4ac9501e7ae9,AMERICAN AI 0012214130063,AMERICAN AI,American Airlines,,TX,76155,USA,0c9da074-ce31-43a9-a7bf-27b3d493092a
26a413f9-787a-4a50-964d-18ef7c4e0bbe,WHOLEFDS NOM #10773,WHOLEFDS NOM,Whole Foods Market,,NY,,USA,90999ee1-01bb-41dc-886e-34c9b6cd012d
26aa9221-daec-45dd-831c-38d1245c0b42,WINGSTOP - 1802 - MCOM,WINGSTOP MCOM,Wingstop,,GA,,USA,78bbef3f-7501-4a9c-9ed0-3f70e04ddfa4
26aadfb8-2d1a-45cd-8c5f-d95cc5d54ee2,WHOLEFDS WDL #10574,WHOLEFDS WDL,Whole Foods Market,,TX,,USA,90999ee1-01bb-41dc-886e-34c9b6cd012d
26b83924-c24d-494e-9b48-de8acb39a4b9,IKEA GIFT CARD,IKEA GIFT CARD,Ikea,,ME,,USA,5cc99a2b-7c71-4e8d-a292-52ce22d8ba3c
26f152f7-e77f-4bf2-a024-66c1b089d625,CHICK-FIL-A #00358,CHICK FIL A,Chick-Fil-A,,FL,34957,USA,3cf2e099-45dd-494a-9a8e-c93b61ed4146
273a71d2-a4d7-4c41-a2ee-3d547eaf824d,PANERA BREAD #500000 O,PANERA BREAD O,Panera Bread,,MO,63127,USA,0afb7f85-ea84-4b73-85ee-e39980c931c2
28772a79-9dc4-4e89-81cd-95bfb5cee231,KLARNA*KLARNA,KLARNA,Klarna,,DE,19801,USA,633a1451-a94c-47a0-9cd0-3fa2dd41ea16
2936960a-a523-49ff-8c29-e58021bf2df1,STARBUCKS STORE 0554,STARBUCKS STORE,Starbucks,,AZ,85032,USA,58d73886-a87e-49e5-8a72-b90f14bca106
29946a96-5ea3-4480-92d1-7b9f1af20c93,MACYS  CRABTREE CENTER,MACYS CRABTREE CENTER,Macy'S,,37,27612,USA,df778d6b-989c-4e8d-8904-c6cd7707d8c1
2a11ca99-effc-4174-b815-c6debe759658,WALMART+ MEMBERSHIP,WALMART MEMBERSHIP,Walmart,,05,72716,USA,b44e177a-7699-4b7b-9e48-0aa438f3edef
2a7b53e0-82b4-4ce3-9ca2-2d6816441f39,WL *STEAM PURCHASE,,WL *STEAM PURCHASE,,WA,98004,USA,
2b4f50ae-34a0-4095-a400-18e96f100107,WALGREENS 1050 GILMAN,WALGREENS GILMAN,Walgreens,,CA,94710,USA,96d73295-5392-4975-a0cd-aabca0fb7ddc
2b6e7cfe-f7fa-402f-8f04-e9d7673a71ba,AMC MOBILE SUPPORT.GOOGL,,AMC Theatres,,CA,,,
2b8a31ee-ef13-488b-8e79-35892f34cc19,Amc Flagship,,AMC Theatres,,PA,,,
2bca3d5b-c105-411a-a288-9c608b398eaa,CS *IKEA GIFT CARD,CS,Cvs,,ME,,USA,e3b217ae-f1ed-4cb6-b056-295abddc7e8d
2bdab397-23fc-46de-81ce-4e4b1a1eed1e,DUNKIN' MOBILE GP,DUNKIN MOBILE GP,Dunkin',,MA,02021,USA,38c51a81-748f-458c-9b02-71c0c49f286a
2c7feaef-9039-463c-a214-73a068704fb9,STAPLES PROMOTIONAL PR,STAPLES PROMOTIONAL PR,Staples,,KS,662100000,USA,b823b323-cde1-4edc-8c84-f7d7520aed5e
2cad1b5f-5818-4c35-a2d5-c3f011e1342c,WALGREENS 5695 ALTON P,WALGREENS ALTON P,Walgreens,,CA,92618,USA,96d73295-5392-4975-a0cd-aabca0fb7ddc
2d1cc4ef-4718-439b-a4b0-30fef62f8f3b,Debit Card purchase DILLONS #0039 EMPORIA KS #8965,DEBIT CARD PURCHASE DILLONS EMPORIA KS,Dillons,Emporia,KS,,,573d2f19-284d-49df-9684-5c5cb360607a
2d26ceaf-6c33-4623-997c-ab2a25efefff,WM SUPERCENTER #3533,WALMART,Walmart,,08,80207,USA,b44e177a-7699-4b7b-9e48-0aa438f3edef
2dacda61-972f-475e-bfb0-402a07141425,eBay O*27-11211-91021,EBAY O,Ebay,,06,95131,USA,619e0c0f-7b7f-41a0-84d5-1920a88e5eff
2dbe5d8f-beb5-4bc1-a005-44d1d1523b0e,#000000013568 DILLONS #0020 7707 E. CENTRAL,DILLONS E CENTRAL,Dillons,Wichita,KS,67206,,573d2f19-284d-49df-9684-5c5cb360607a
2eb7023d-601b-42d6-81c2-09e301c64e81,"ETSY, INC.",ETSY INC,Etsy,,NY,,USA,61d2fdd9-3b4c-4510-ad54-daf4ee7d1750
2eeb4694-324e-4924-921a-6281001eb201,ADIDAS 642 YONKERS NY 286444 08/16,ADIDAS,Adidas,,NY,,,ab705d99-bb1a-4a3c-8c35-5d8137a8263e
2f1ddeb4-8bff-4292-9be7-bc85b80e0d8e,LinkedIn Pre P12306932,LINKEDIN PRE P12306932,Linkedin,,CA,94043,USA,a7195b2a-196b-4b52-86e5-0102029d6dc2
3029274f-303d-4c0c-a9df-6dab9f494afc,Uniqlo USA LLC,UNIQLO USA LLC,Uniqlo,,NY,10012,USA,63f628a8-bc7a-495e-9a20-814311bfa2a5
3099f23c-676c-49cd-85b1-d8648bb7f4c6,MCDONALD'S F32116,MCDONALD S F32116,Mcdonald'S,,CA,95337,USA,a971af14-f021-4080-b511-ad47b5b2f0dc
30dc0da8-7840-4482-a435-300d6066f76f,COSTCO ANNUAL RENEWAL,COSTCO ANNUAL RENEWAL,Costco,,53,98027,USA,902e7383-061f-44a8-8faa-4582d559dd3e
30e455fa-7dfa-4160-9353-2d42b3d6e155,MACYS  AVENTURA,MACYS AVENTURA,Macy'S,,FL,33180,USA,df778d6b-989c-4e8d-8904-c6cd7707d8c1
3101a9ee-27b6-43cc-991e-7a5bd2a933e4,KROGER #7 #1 TROY SQ.,KROGER 7 1 TROY SQ,Kroger,,MO,63379,USA,78ae4727-267a-48f4-81fa-957896f77017
3101ed61-6d19-4e73-b1fb-bca539b3ecf9,Adobe,ADOBE,Adobe,,CA,95110,USA,67d7c342-a16e-434f-b0af-824f62496cb1
31742054-9cd4-48f0-b7db-402caf1436f5,AMERICAN AIR AA EKXCIW,AMERICAN AIR AA EKXCIW,American Airlines,,AZ,85034,USA,0c9da074-ce31-43a9-a7bf-27b3d493092a
31ef26b3-6719-4d9f-a679-62ca9a0f631d,CNSCWWW.TARGET.COM 882102,CNSCWWW TARGET COM,Target,,MN,,USA,5708f213-3880-4f90-9670-0d9d70430050
31f788c8-e84c-4f2a-9423-43ecffcb9901,DAIRY QUEEN #17356,DAIRY QUEEN,Dairy Queen,,PA,19428,USA,dfd5e19a-546d-4662-aebc-e5b87b0c6a18
32f002f2-c160-4a74-9ce1-7882a3e2fab1,AMERICAN AIR AA FNUCEL,AMERICAN AIR AA FNUCEL,American Airlines,,AZ,85034,USA,0c9da074-ce31-43a9-a7bf-27b3d493092a
3338ca4c-129e-40a4-93b4-9b745de70b3a,Costco,COSTCO,Costco,Garden Grove,CA,92843,,902e7383-061f-44a8-8faa-4582d559dd3e
339cb8a5-6a99-4c6b-a26f-e756033a207d,COACH OUTLET,COACH OUTLET,Coach Outlet,,NY,,USA,7306211f-cceb-490d-bc9c-07fa78e20a15
34335b86-90f5-4ccc-bc72-d8adee503ec5,NIKE.COM,NIKE COM,Nike,,OR,970050000,USA,af335e15-e401-4327-af9d-85471b17c941
345a3313-3d47-4d8a-81b1-4220595d44b6,CHICK-FIL-A #04792,CHICK FIL A,Chick-Fil-A,,LA,70404,USA,3cf2e099-45dd-494a-9a8e-c93b61ed4146
34908d4c-b7c8-4fb4-a405-eb4f5721f5b0,Purchase DD *DOORDASH GIORDANOS,,Giordano's,San Francisco,CA,,,
34dfeaf6-90ff-4c31-8807-2ee6641b9d91,Amc Carolina Pav,,AMC Theatres,,NC,,,
35343465-24a3-4bbd-b3fa-448f289dfa1b,ATT* BILL PAYMENT,ATT,At&T,,TX,75211,USA,47a0ced9-0ab8-4832-b812-20a8a8f57e87
35b41327-f81d-491d-a654-c78d5683e7e1,CS *GRUBHUB GIFT CARD,CS,Cvs,,ME,,USA,e3b217ae-f1ed-4cb6-b056-295abddc7e8d
36456d0b-660e-429d-aef1-8bdc28eaf274,AVIANCA LIFEMILES,AVIANCA LIFEMILES,Avianca Airlines,,FL,33166,USA,5c731ebd-a292-4854-870f-1b09236f19f7
36587a5e-a418-45aa-bf0e-ddc4d12d6ecb,Uniqlo USA LLC UNIQLO_,UNIQLO USA LLC UNIQLO_,Uniqlo,,NY,10003,USA,63f628a8-bc7a-495e-9a20-814311bfa2a5
3679a3dd-6583-468c-866a-d43e789929b6,BUFFALO WILD ECOM 0628,BUFFALO WILD ECOM,Buffalo Wild Wings,,TX,79912,USA,e97f7c74-dd41-4c85-98a7-8e7a2f37d9d0
36850fb9-3bab-4e80-ac46-71159de46015,Chevron/hallmark Petrol,CHEVRON HALLMARK PETROL,Chevron,Callaway,FL,,,fad11490-5c49-4fb8-bd94-a1ab9f751fd3
36a3ecb9-d2e3-4b2b-bb6f-92466ca6d0e0,DILLONS #0010,DILLONS,Dillons,Hutchinson,KS,,,573d2f19-284d-49df-9684-5c5cb360607a
36ffba65-fd5e-404b-a02f-4311913fca31,NNTCWWW.TARGET.COM 762301,NNTCWWW TARGET COM,Target,,MN,,USA,5708f213-3880-4f90-9670-0d9d70430050
370a8b81-d879-49cb-9e34-ce26e7e6e3c1,Amc Ritz,AMC RITZ,Amc Theatres,,GA,,,b575cdc0-5dd8-4549-86a1-c52d8bc593df
383f04cd-ff1e-4493-8f95-79828d2d32fb,WAL-MART #2627,WAL MART,H Mart,,FL,33612,USA,9af19142-a550-45f6-a17f-d32a9cb1cf81
3884ed1a-5ba2-47ad-b50b-8ff39d9d1c46,WAL-MART #0920,WAL MART,H Mart,,GA,310880000,USA,9af19142-a550-45f6-a17f-d32a9cb1cf81
397cdf1b-cade-4560-8bd2-e08f11af4792,DD *DOORDASH SLIMCHICK,DOORDASH,Doordash,,CA,,,af07a9f0-ed11-4643-ac0d-cb508f0b8ad5
398f1381-c5c7-4d60-ac9a-a702bda95cc8,LinkedIn Pre P20739127,LINKEDIN PRE P20739127,Linkedin,,CA,94043,USA,a7195b2a-196b-4b52-86e5-0102029d6dc2
39be701f-ec3e-4bb2-8e00-6babfa29d614,IKEA 434556782,IKEA,Ikea,,MD,,USA,5cc99a2b-7c71-4e8d-a292-52ce22d8ba3c
39c47122-1b00-4189-b529-810279d765d2,COACH CASHSTAR EGFTCRD,,COACH CASHSTAR EGFTCRD,,ME,,USA,
3a2be8d5-ce37-4cd1-8694-d335446e89d6,IBOTTA* TACO BE DENVER /CO US CARD PURCHASE,IBOTTA,Ibotta,Denver,CO,,,70c572a1-545b-4e46-8e50-4bcda16c4e34
3a380b67-9bf2-402a-9e64-44b97a71e6e5,Disney Plus,DISNEY PLUS,Disney+,,CA,,USA,261194ac-5a6c-49b5-a728-f66a9543b1c4
3b272dac-cef9-40f6-9d8a-60a8ddf3e618,SEARS 7936,SEARS,Sears,,TX,78664,USA,1aafa4a6-08d6-40c9-abae-974a43ed7a4b
3ba4f197-4c24-44c2-964a-7d1e0096f851,DELTA       0062227642940,DELTA,Delta Air Lines,,GA,30354,USA,f3677d26-ebe2-4a7a-bcb3-a5ed3f2b551b
3bd4f981-c7d9-4c40-9d9b-e3e41b03cc11,WAL-MART #2553,WAL MART,H Mart,,CA,,USA,9af19142-a550-45f6-a17f-d32a9cb1cf81
3c21757a-9c8c-4c13-b6dd-e7a9fed56f24,TARGET        00003210,TARGET,Target,,CA,94061,USA,5708f213-3880-4f90-9670-0d9d70430050
3c95b4f6-faa3-45e7-bd51-5eb011e9fce1,Farfetch,FARFETCH,Farfetch,,CA,90023,USA,547a4685-a1dc-4c9b-b8d7-ff734465c02e
3c983467-681e-48ff-b109-3af53627de9b,WALGREENS 833 SW WILSH,WALGREENS SW WILSH,Walgreens,,TX,76028,USA,96d73295-5392-4975-a0cd-aabca0fb7ddc
3c9f846f-5b58-4f9a-b7fe-be3a37ade46d,TM *OASIS,TM,Ticketmaster,,CA,90028,USA,5fd8fa54-4876-4e8b-9a6a-3e515b98b998
3d062831-6891-4d93-8603-3c1b530eef22,ADOBE INC.,ADOBE INC,Adobe,,CA,951100000,USA,67d7c342-a16e-434f-b0af-824f62496cb1
3d7c2ca5-4264-4e77-89d9-ab28b2277a4b,WMT PLUS Nov 2024,,WMT PLUS Nov 2024,,AR,72716,USA,
3d9ebd44-e667-4b04-90e1-25f489831922,TOM THUMB #1780,,TOM THUMB #1780,,TX,76248,USA,
3e30ff04-15c0-491c-b98d-023f0fef3a88,ADOBE INC.,ADOBE INC,Adobe,,06,951100000,USA,67d7c342-a16e-434f-b0af-824f62496cb1
3f385f13-c5bc-4d9c-a40b-a35e1372e317,KROGER #7 12400 FM 196,KROGER 7 FM,Kroger,,TX,77065,USA,78ae4727-267a-48f4-81fa-957896f77017
3fe5236d-70a3-497f-89df-84a8157ea3b1,Etsy.com - katherinespra,ETSY COM KATHERINESPRA,Etsy,,NY,11201,USA,61d2fdd9-3b4c-4510-ad54-daf4ee7d1750
40a6e38e-a0e0-4ba3-ba7e-360ab38ef53b,WALMART 3 2550 S KOLB,WALMART 3 S KOLB,Walmart,,AZ,85710,USA,b44e177a-7699-4b7b-9e48-0aa438f3edef
40f4c308-14ca-4d48-a8b8-47f976c70aed,AUNTIE ANNES & CINNABO,AUNTIE ANNES CINNABO,Auntie Anne'S,,OH,441350000,USA,790ac5c8-f700-46de-806e-0981247a06c6
4116c7da-605a-4757-b337-705e1a464760,TM *TICKETMASTER,TM,Ticketmaster,,CA,90028,USA,5fd8fa54-4876-4e8b-9a6a-3e515b98b998
4121ed7a-1cbc-4be7-bc00-80702d4d6f45,WL *STEAM PURCHASE,,WL *STEAM PURCHASE,,WA,98004,USA,
4121f09e-197c-45ac-b8a7-e86781fb8bd7,MACYS   .COM,,MACYS   .COM,,OH,,USA,
4147dffc-18de-400c-a1e1-d5a7e043bbde,LongHorn BBQ,LONGHORN BBQ,Longhorn Steakhouse,,36,10001,USA,54e2404b-32f1-49f4-97f4-f6805ac4b4df
4163f4f9-8242-453c-a573-f7c908ad55a6,TESLA,TESLA,Tesla,,06,94304,USA,6cd60727-a74a-451a-beae-62209474ad8b
42049f43-f416-4ad1-b91f-82b9ca37027d,Dd *Doordashdoubledash Doordash.com,DOORDASH,Doordash,,CA,,US,af07a9f0-ed11-4643-ac0d-cb508f0b8ad5
423d3dfa-6394-486b-aac4-5e699c44427f,BEST BUY CO   00026740,BEST BUY CO,Best Buy,,MN,55423,USA,e7c22c18-09a6-4dee-b28d-41215f163ba2
4324a4bf-d768-4166-9670-1e92e39cea3e,HARRYS 888-212-6855,HARRYS,Harry'S,,NY,10013,USA,1cb91e09-7907-486e-947f-eb9910f8c731
4343046e-acac-437c-b1a8-800a34e15551,Walgreens,WALGREENS,Walgreens,Danbury,CT,06810,,96d73295-5392-4975-a0cd-aabca0fb7ddc
45032c46-c9c4-4794-8fdc-ccd96d3ca4a1,TM *TICKETMASTER,TM,Ticketmaster,,06,90028,USA,5fd8fa54-4876-4e8b-9a6a-3e515b98b998
450abc3e-2ef8-4e97-aea7-58c4a8677063,LinkedIn Pre P18601186,LINKEDIN PRE P18601186,Linkedin,,CA,94043,USA,a7195b2a-196b-4b52-86e5-0102029d6dc2
476ce623-c9b9-4725-bf78-f06344a4b5ac,SAKS FIFTH AVE 624,SAKS FIFTH AVE,Saks Fifth Avenue,,FL,33431,USA,e6c9457e-531b-4a1b-9a20-9e07b0ffafd8
47bbbc41-4149-4477-bc1c-365c1676d0c8,REGALCINEMASUNLIMITED,REGALCINEMASUNLIMITED,Regal Cinemas,,TN,379200000,USA,1d3b9b36-7482-4f66-8533-04505ae9570e
47e1a2ab-f60c-44b1-a1f6-c1a9d6e13c80,BC *UBER CASH,,BC *UBER CASH,,DE,198090000,USA,
48c61543-0b37-4e1e-9220-fda05cbca7e7,Dick's Sporting,DICK S SPORTING,Dick'S Sporting Goods,Waco,TX,,,b8ebe955-2f56-410a-9608-0b14e70bbe56
48e53fd3-1a09-4b9b-a1d7-d5f1f331113a,PUBLIC.COM* 2025-04-15,PUBLIC COM,Public.Com,,NY,10013,USA,5184b4a7-b99b-4e82-a057-abc1a4f834d6
48fa0b6d-05d8-4d60-8988-237409efbca6,LONGHORN,LONGHORN,Longhorn Steakhouse,,GA,30361,USA,54e2404b-32f1-49f4-97f4-f6805ac4b4df
49d0d245-5f22-4d1a-aee7-7219eb013d63,WMT PLUS Dec 2024,,WMT PLUS Dec 2024,,05,72716,USA,
4a0cf033-30af-4a7a-97ef-bc38a37b59d4,Dd *Doordash Burgerkin Doordash.com,DOORDASH,Doordash,,CA,,US,af07a9f0-ed11-4643-ac0d-cb508f0b8ad5
4a9593fe-1bc3-4944-8237-ddfece86b7e4,TRADER JOE S #638,TRADER JOE S,Trader Joe'S,,PA,,USA,6f7809ab-f60d-49fd-bc8e-d764968ef2ee
4b0113d5-16bc-46e6-8a04-c86811c90986,Sam s Club,SAM S CLUB,Sam'S Club,,NC,28203,USA,7d9779f0-31b5-450c-879f-5f3e6d8d73bb
4b532f48-2fb8-4d13-97d7-6b09fe18f77a,WALMART.COM,WALMART COM,Walmart,,AR,,USA,b44e177a-7699-4b7b-9e48-0aa438f3edef
4c029e4e-a004-4807-b451-ec48aa93339e,000000000240548 WAL-M,WAL M,Walmart,Lawrenceville,GA,,,b44e177a-7699-4b7b-9e48-0aa438f3edef
4c3f024c-7eb1-41a3-af97-767a388780ce,Dick's Sportinggoods,DICK S SPORTINGGOODS,Dick'S Sporting Goods,Rochester,NY,,,b8ebe955-2f56-410a-9608-0b14e70bbe56
4c962c63-d288-49a2-96db-0e68c1b53152,ATT*BILL PAYMENT,ATT,At&T,,TX,75202,USA,47a0ced9-0ab8-4832-b812-20a8a8f57e87
4d16cdf7-5470-4e39-af66-d823e273fa20,STAPLES 1215,STAPLES,Staples,,KY,40504,USA,b823b323-cde1-4edc-8c84-f7d7520aed5e
4e503604-231d-4a83-b4c4-653dd5243457,KROGER #639,KROGER,Kroger,,AR,,USA,78ae4727-267a-48f4-81fa-957896f77017
4ee0803c-b7eb-4f41-84ca-9b535f5764d7,ExxonMobil,EXXON,Exxonmobil,Sylvan Lake,MI,48320,,7096784d-8a26-4a02-b4ad-51212289b05b
4efea65a-68f9-42fa-8490-126c0fb707fb,DAIRY QUEEN #10319 OLO,DAIRY QUEEN OLO,Dairy Queen,,CA,907030000,USA,dfd5e19a-546d-4662-aebc-e5b87b0c6a18
4f0f2acd-5a6c-4778-b565-618791b6f8e1,Abercrombie Kids,ABERCROMBIE KIDS,Abercrombie & Fitch,,TX,,,100b54da-1090-43cf-a740-13181be51d00
4f3662a7-bdc4-4af3-9760-c022bd361cf7,Dd *Doordash Tacobell Doordash.com,DOORDASH,Doordash,,CA,,US,af07a9f0-ed11-4643-ac0d-cb508f0b8ad5
4f73f52d-bc98-4dc6-a562-da3a5f90b651,Debit Card purchase DILLONS #0039 EMPORIA KS #7475,DEBIT CARD PURCHASE DILLONS EMPORIA KS,Dillons,Emporia,KS,,,573d2f19-284d-49df-9684-5c5cb360607a
504f1639-8f43-48e3-bb89-3411f76e0b5f,eBay O*27-11231-68422,EBAY O,Ebay,,06,95131,USA,619e0c0f-7b7f-41a0-84d5-1920a88e5eff
50a25507-e012-4208-a93f-a2d9b25d16c2,FOOD LION #1226 14641-,FOOD LION,Food Lion,,VA,22192,USA,7a8748f9-92f2-4707-bce0-fc112761b4a1
50f7ed8d-88ad-49b4-9d19-89f47819ee7b,WINGSTOP 1810 OLO,WINGSTOP OLO,Wingstop,,CA,,USA,78bbef3f-7501-4a9c-9ed0-3f70e04ddfa4
5129cc9a-0f11-4807-b0f9-1655009f679e,NNT WWW.TARGET.COM 762301,NNT WWW TARGET COM,Target,,MN,,USA,5708f213-3880-4f90-9670-0d9d70430050
5168a0db-7df1-4144-a0c8-be4ab2523360,DD *DOORDASH SONICDRIV DOORDASH.COM,DOORDASH,Doordash,,CA,,,af07a9f0-ed11-4643-ac0d-cb508f0b8ad5
5177eaa7-3d24-4d92-b67b-9e656ce85a36,Purchase DD *DOORDASH MOESSOUTH +16506819470,,Moe's Southwest Grill,,CA,,US,
51afe2db-13e2-4d7b-9a65-d1e16e9de1f2,WALMART.COM,WALMART COM,Walmart,,AR,72716,USA,b44e177a-7699-4b7b-9e48-0aa438f3edef
5209c4b4-d8e2-42b2-bb44-4a7c93860ffc,Tesla Property  Casua,TESLA PROPERTY CASUA,Tesla,,CA,94538,USA,6cd60727-a74a-451a-beae-62209474ad8b
52b3c536-862f-4e48-8275-fc01e09c00ac,Dick's Sportinggoods,DICK S SPORTINGGOODS,Dick'S Sporting Goods,Springfield,MA,,,b8ebe955-2f56-410a-9608-0b14e70bbe56
533daa62-7a9e-4802-b771-0c7750cf0099,UNITED      0164297951655,UNITED,United,,TX,77002,USA,af39c417-7703-49e2-8f65-65844f01ceb0
535951a8-ef34-49b2-9ac9-cba9b533964d,ULTA.COM,ULTA COM,Ulta Beauty,,IL,60446,USA,17f9e267-684b-44b2-b72a-5f7f28b1b9e4
54238ae1-0f45-42d8-b3db-f727c9fe45be,BUFFALO WILD ECOM 0628,BUFFALO WILD ECOM,Buffalo Wild Wings,,TX,799120000,USA,e97f7c74-dd41-4c85-98a7-8e7a2f37d9d0
54dda20f-d3e7-4445-bb7c-61177cdd0393,GRUBHUB*SUBWAY,GRUBHUB,Grubhub,,NY,100180000,USA,3227611f-5e2a-4428-8dbc-08569e968515
55bd75ed-7dbc-41d5-ab3c-e229417391a5,LYFT   *1 RIDE 04-16,LYFT,Lyft,,CA,94104,USA,7507548b-589a-4350-920c-96ec5fa86468
561e67e1-1c65-45ae-934e-1f63046620fb,DELTA,DELTA,Delta Air Lines,,NY,95131,USA,f3677d26-ebe2-4a7a-bcb3-a5ed3f2b551b
5628696d-c7de-4615-b603-9845bccc03d1,DD/BR #342011,DOORDASH,Doordash,,IL,60503,USA,af07a9f0-ed11-4643-ac0d-cb508f0b8ad5
566b0164-d8c8-4d6f-8231-ccdee5e781eb,Purchase DD *DOORDASH JERSEYMIK,,Jersey Mike's Subs,,CA,,US,
572a9c6c-bc2c-47c2-8dd4-fdd6ce483fe7,PANERA BREAD #606169 O,PANERA BREAD O,Panera Bread,,FL,32306,USA,0afb7f85-ea84-4b73-85ee-e39980c931c2
577ae87f-a5bb-4fb9-8e60-1e37180a4c73,WMT PLUS Dec 2024,,WMT PLUS Dec 2024,,AR,72716,USA,
57a2c90d-9c7a-4bcc-a5be-a805327c7f51,HLU*HULUPLUS hulu.com/bill,HLU,Hulu,,CA,,,c82b44e2-e870-4e86-bde3-1782b8d4e8cd
57d55c69-7872-4d5a-b104-f35d4f873585,Etsy,ETSY,Etsy,,36,11201,USA,61d2fdd9-3b4c-4510-ad54-daf4ee7d1750
580e6023-431c-4a66-bb19-7459d6aedea3,DUNKIN' MOBILE AP,DUNKIN MOBILE AP,Dunkin',,MA,02021,USA,38c51a81-748f-458c-9b02-71c0c49f286a
5852374c-124c-460c-aa92-0a450b779c0b,FIVE GUYS NY 1238 ECOM,FIVE GUYS NY ECOM,Five Guys,,NY,10025,USA,b001914d-bf46-43f7-8daf-8190fd5e6e43
5877cb94-01a5-4307-843d-f340281638b5,Amc Tbc,AMC TBC,Amc Theatres,,TX,,,b575cdc0-5dd8-4549-86a1-c52d8bc593df
58d66c63-5cd6-4d20-9965-ac137b0eef65,Buffalo Wild Wings,BUFFALO WILD WINGS,Buffalo Wild Wings,Opelika,AL,36801-,,e97f7c74-dd41-4c85-98a7-8e7a2f37d9d0
58d7d9b4-1b75-4b02-8522-8b15c158888f,Klarna*balance top-u,KLARNA,Klarna,,OH,43215,USA,633a1451-a94c-47a0-9cd0-3fa2dd41ea16
58e7aa43-8ab9-4b98-a1e5-fb6de31c5fea,Farfetch.com,FARFETCH COM,Farfetch,,CA,90017,USA,547a4685-a1dc-4c9b-b8d7-ff734465c02e
58f22f53-aebf-47cf-9d52-f4d1d05aa7ed,Purchase DD *DOORDASH BURGERKIN,,Burger King,,CA,,US,
59f9b21c-f38a-435e-9ee2-0054a933c674,Domino's,DOMINO S,Domino'S,Lebanon,MO,65536-,,8f2bd73f-2847-488a-b720-ee5d6a5631b3
5aadc2ec-fcc6-40e2-a6d1-50f0d6d952e0,Dd *Doordash Pizzahut Doordash.com,DOORDASH,Doordash,,CA,,US,af07a9f0-ed11-4643-ac0d-cb508f0b8ad5
5ae12fae-43c5-435a-9c6e-ffa826e7c867,Etsy.com*Sunflowerlove,ETSY COM,Etsy,,NY,11201,USA,61d2fdd9-3b4c-4510-ad54-daf4ee7d1750
5b6c1488-d14a-4058-8885-9f42348bfc1c,TM *SEATTLE MARINERS-S,TM,Ticketmaster,,CA,90028,USA,5fd8fa54-4876-4e8b-9a6a-3e515b98b998
5b7a0d34-6258-4100-9adc-ef30d4a0b695,CHICK-FIL-A #04792,CHICK FIL A,Chick-Fil-A,,LA,70404,USA,3cf2e099-45dd-494a-9a8e-c93b61ed4146
5baed9f6-b227-4486-96f3-5b3fc0e24034,Walmart,WALMART,Walmart,Middlefield,OH,44062,,b44e177a-7699-4b7b-9e48-0aa438f3edef
5bbe7dd2-fa07-4a4a-bc67-185f61f54bc4,WAL-MART #3520,WAL MART,H Mart,,34,070943654,USA,9af19142-a550-45f6-a17f-d32a9cb1cf81
5bd13fc7-c310-4c04-b15c-387592da1359,WAL-MART #3522,WAL MART,H Mart,,CA,917060000,USA,9af19142-a550-45f6-a17f-d32a9cb1cf81
5bdf11ad-7723-4090-a33c-494d50d4e873,ATT* BILL PAYMENT,ATT,At&T,,48,752110000,USA,47a0ced9-0ab8-4832-b812-20a8a8f57e87
5c1a2631-4c7e-4cd3-8fd3-e8de3742c33a,BEST BUY CO INC,BEST BUY CO INC,Best Buy,,27,554230000,USA,e7c22c18-09a6-4dee-b28d-41215f163ba2
5c447fe2-6461-4208-8241-2af90e5ba402,Purchase DD *DOORDASH HALALBROS +16506819470,,Halalbros,,CA,,US,
5cf7d22b-6e9e-4e2d-90aa-703ce6fb9878,WAL-MART #2503,WAL MART,H Mart,,NJ,07840,USA,9af19142-a550-45f6-a17f-d32a9cb1cf81
5db67f55-3ee8-436a-bdfa-0a4b655b41d8,STARBUCKS 10514,STARBUCKS,Starbucks,,NY,11542,USA,58d73886-a87e-49e5-8a72-b90f14bca106
5dfddea6-d29e-4147-9a5f-27b7794065f2,Walmart.com,WALMART COM,Walmart,,AR,,USA,b44e177a-7699-4b7b-9e48-0aa438f3edef
5e56dc85-a134-4530-977f-92fe727eebc6,LOWES #01192*,LOWES,Lowe'S,,NY,10962,USA,47bb20de-2923-410e-bb38-73638be33a72
5ec8b76e-5656-4b03-91c7-e1ca9a5e7ad9,Dunkin Donuts,DUNKIN DONUTS,Dunkin',Saint Louis,MO,,,38c51a81-748f-458c-9b02-71c0c49f286a
5f3deb6b-172c-4a10-af9f-242f18cba113,Etsy.com*OliviaAbbeyDe,ETSY COM,Etsy,,NY,11201,USA,61d2fdd9-3b4c-4510-ad54-daf4ee7d1750
5f685e3b-aacf-42ce-a1c5-87c049424e74,Dick'ssportinggoods.com Ssportinggoods,DICK SSPORTINGGOODS COM SSPORTINGGOODS,Dick'S Sporting Goods,,PA,,,b8ebe955-2f56-410a-9608-0b14e70bbe56
5f79fca2-d5fa-4d08-ac01-eb12901bf55f,IKEA HR ecom,IKEA HR ECOM,Ikea,,HR,10361,HRV,5cc99a2b-7c71-4e8d-a292-52ce22d8ba3c
5fd424fd-22fe-4b15-9e6a-4e61b9bdb1ff,STAPLES.COM,STAPLES COM,Staples,,MA,062600000,USA,b823b323-cde1-4edc-8c84-f7d7520aed5e
600c4bb5-56c2-4b3a-88d6-de5dd14c00d8,IBOTTA* HOME DE DENVER /CO US CARD PURCHASE,IBOTTA,Ibotta,Denver,CO,,,70c572a1-545b-4e46-8e50-4bcda16c4e34
601f0fc1-b7ec-496b-98a3-b7e4038ba6db,KROGER #5 9840 W. BROA,KROGER 5 W BROA,Kroger,,VA,23294,USA,78ae4727-267a-48f4-81fa-957896f77017
606aa86d-1da4-4194-9603-aa41cceb3b2c,PUBLIX SUPERMARKETS #1,PUBLIX SUPERMARKETS 1,Publix,,SC,29631,USA,4dd2a308-c975-4bd3-bdfc-adaf5195a398
607ec902-104b-4f73-a07e-294b745b6c9d,"ETSY, INC.",ETSY INC,Etsy,,36,11201,USA,61d2fdd9-3b4c-4510-ad54-daf4ee7d1750
61417757-bfa8-47f5-98b7-6995d2e7c906,Abercrombie & Fi,ABERCROMBIE FI,Abercrombie & Fitch,,CA,,,100b54da-1090-43cf-a740-13181be51d00
614793c7-2924-40ff-8ab8-bd9f3e93e041,SP LEVELS PROTEIN,SP LEVELS PROTEIN,Shein,,FL,33477,USA,8d313e12-f5d1-4c14-b9de-a974d3b55660
61614e15-d88f-4516-9cbb-6d32d18137a2,NEIMANMARCUS.COM,,NEIMANMARCUS.COM,,48,75201,USA,
6182d3ad-7ec9-44b9-a0fa-529f887a0974,NESPRESSO USA INC,NESPRESSO USA INC,Nespresso,,10,19801,USA,1bbaffd1-688c-4bc4-8430-a5ea562381ca
623cc228-e631-4c0b-a9a5-00ef3a289f57,Lululemon 12015 Tows,LULULEMON TOWS,Lululemon,,MD,21204,USA,68802047-ccdd-4311-ac49-6a7373ce5adf
62476657-9900-43e4-8ee7-56cd82cf0703,STAPLES 0262,STAPLES,Staples,,AZ,852820000,USA,b823b323-cde1-4edc-8c84-f7d7520aed5e
6312d0ed-3176-4a75-8572-bc244389fc64,Aeropostale,AEROPOSTALE,Aeropostale,,NJ,,,374bb41d-be3b-458d-8a2e-da4b6fb29ec0
63a4e18c-1866-421f-8a1b-d2e8747cf04d,TARGET STORE T3342,TARGET STORE T3342,Target,,TX,78702,USA,5708f213-3880-4f90-9670-0d9d70430050
6427b08c-4142-4d47-82f9-cadb9a59d2ba,WHOLEFDS ORV #10664,WHOLEFDS ORV,Whole Foods Market,,OH,,USA,90999ee1-01bb-41dc-886e-34c9b6cd012d
647904d9-cf6d-4f5e-bd6f-a6e44b23049e,WALGREENS 303 2ND ST,WALGREENS 2ND ST,Walgreens,,CA,94022,USA,96d73295-5392-4975-a0cd-aabca0fb7ddc
648baa8b-f481-4d4a-a6ed-00ef35069dad,LYFT   *1 RIDE 03-15,LYFT,Lyft,,CA,94104,USA,7507548b-589a-4350-920c-96ec5fa86468
648f88a0-4079-4dfc-b727-81210b93c3d2,HULU 877-8244858 CA,HULU CA,Hulu,,CA,,USA,c82b44e2-e870-4e86-bde3-1782b8d4e8cd
64dac32c-e71a-442f-b09c-cb7b8e7038c8,Kindle Unltd,KINDLE UNLTD,Kindle,,WA,,,1379d98d-e829-4075-b798-d7ad562c1a7f
652fa50d-706e-4942-b59c-dd83aa5f469f,CNK*CINEMARK.COM 001,,CNK*CINEMARK.COM 001,,TX,,USA,
65b50da0-5055-49ab-a590-389de8524f79,WL *Steam Purchase,,WL *Steam Purchase,,WA,980040000,USA,
65c28cc9-84e8-469e-8227-ed26fd151c55,EXXON HASSAN RABIEE-HA,EXXON,Exxonmobil,,CA,90293,USA,7096784d-8a26-4a02-b4ad-51212289b05b
65c8c076-06a7-4669-9701-766c8504eea1,STAPLES,STAPLES,Staples,,CA,95131,USA,b823b323-cde1-4edc-8c84-f7d7520aed5e
66f69c35-215c-4a63-bab3-58e40e84482d,STEAMGAMES.COM 4259522,STEAMGAMES COM,Steam,,WA,98004,USA,543f9e7f-9e88-4374-891c-819c8483ad17
67184e1c-617d-4e19-b978-83b709988f14,0235 AMC PALM PROM 24 SAN DIEGO CA 07/18,,AMC Theatres,,CA,,,
67578fca-e323-473f-802b-13cdfbfd616b,DISCORD,DISCORD,Discord,,NJ,10001,USA,a7093c1a-88a9-48ad-8b97-90a2f1ad5385
682fa8ca-375f-4bef-b131-4f2e78335060,KLM AIRLINE 0742108134318,KLM AIRLINE,Klm Royal Dutch Airlines,,DC,10019,USA,2bdd01cd-e212-4f80-a0d8-e0b751fa9e05
68324aab-8258-44dd-a7e2-86977cfed302,WM SUPERCENTER #2417,WALMART,Walmart,,26,49770,USA,b44e177a-7699-4b7b-9e48-0aa438f3edef
68c2cea3-aec9-4968-be2a-c64e163964fa,DICK'S Sporting Goods,DICK S SPORTING GOODS,Dick'S Sporting Goods,Modesto,CA,95356-,,b8ebe955-2f56-410a-9608-0b14e70bbe56
68fa9a4e-c779-42b3-88dd-9c6fadaffbbc,Dd *Doordash Jewel Osc Doordash.com,DOORDASH,Doordash,,CA,,US,af07a9f0-ed11-4643-ac0d-cb508f0b8ad5
69306634-6009-46ec-8ff7-d2d0227fa951,STARBUCKS STORE 05547,STARBUCKS STORE,Starbucks,,AZ,85032,USA,58d73886-a87e-49e5-8a72-b90f14bca106
69517391-0fb2-4c2a-9b4e-949312c88bb8,PANERA BREAD #601605 O,PANERA BREAD O,Panera Bread,,IL,60056,USA,0afb7f85-ea84-4b73-85ee-e39980c931c2
6954b735-3e00-4e49-85bd-c5b9f16f243a,NEW SAMS.COM MEM#,,NEW SAMS.COM MEM#,,AR,72712,USA,
696c0fc8-b3a7-4cfe-8f14-7ddaf8564ea1,PANERA SIP CLUB 601605 O,PANERA SIP CLUB O,Panera Bread,,IL,60056,USA,0afb7f85-ea84-4b73-85ee-e39980c931c2
6982e62e-48ad-4723-86f2-f607c4384fe2,Costco Gas,COSTCO GAS,Costco,San Diego,CA,92108,,902e7383-061f-44a8-8faa-4582d559dd3e
69aee8b4-74e8-41fa-b2f7-451f8e1dfd23,SAKS,SAKS,Saks Fifth Avenue,,NY,10281,USA,e6c9457e-531b-4a1b-9a20-9e07b0ffafd8
69c332e5-50d0-4292-b11c-b4537746cf63,STARBUCKS STORE 0561,STARBUCKS STORE,Starbucks,,CA,95050,USA,58d73886-a87e-49e5-8a72-b90f14bca106
69eec362-f1a0-414c-9627-22534ddc61ed,STAPLES INC,STAPLES INC,Staples,,CA,95131,USA,b823b323-cde1-4edc-8c84-f7d7520aed5e
69fddb8a-a37c-4c2d-9ba2-47a9e0e00593,BURGER KING #3827  Q07,BURGER KING Q07,Burger King,,CA,95127,USA,8b52ff0c-d651-4f68-bbd3-2750086d297a
6a0b968b-5f65-4dfd-a44e-8f60dcf1574c,BURGER KING #9360,BURGER KING,Burger King,,FL,334061505,USA,8b52ff0c-d651-4f68-bbd3-2750086d297a
6b09d16b-0a80-4aab-8ea3-40469754e81d,NETFLIX.COM,NETFLIX COM,Netflix,,CA,95032,USA,26190b22-a846-4ab9-a1b3-c61ace464a75
6b111cd1-3894-4c1a-a207-a16522fa6b17,CHIPOTLE MEX GR ONLINE,CHIPOTLE MEX GR ONLINE,Chipotle,,CA,92660,USA,010e2765-1c27-41d3-a642-e1c16de67480
6b121ebf-a34f-49e5-bc9c-b576312ddb53,WEIS MARKETS 143,WEIS MARKETS,Weis Markets,,NJ,,USA,86701de6-b870-4fa5-a30b-dcb251340204
6b414551-920a-4fc9-9dfc-fb76c8803b5f,FOOD LION #0297 9157 S,FOOD LION S,Food Lion,,VA,23228,USA,7a8748f9-92f2-4707-bce0-fc112761b4a1
6bed70f2-d7d0-4530-a0a7-91aad84f6fa8,LinkedIn Pre P19552616,LINKEDIN PRE P19552616,Linkedin,,CA,94043,USA,a7195b2a-196b-4b52-86e5-0102029d6dc2
6c0d91ca-14d1-4678-b34b-9a43de2fbb15,NWS STAPLES 1356   001015,NWS STAPLES,Staples,,WA,,USA,b823b323-cde1-4edc-8c84-f7d7520aed5e
6c3e1f36-05fc-4170-b24c-dba078577d51,WALMART+ MEMBERSHIP,WALMART MEMBERSHIP,Walmart,,AR,,USA,b44e177a-7699-4b7b-9e48-0aa438f3edef
6c561369-c503-42d4-ba06-03500127c352,GRUBHUB*TACOBELL,GRUBHUB,Grubhub,,NY,,USA,3227611f-5e2a-4428-8dbc-08569e968515
6cb2bdcd-65c2-43c0-8660-7558299072bc,McDonalds 14553,MCDONALDS,Mcdonald'S,,LA,70785,USA,a971af14-f021-4080-b511-ad47b5b2f0dc
6d48e754-cf75-42ef-981d-b72876c9036a,Dick's Sportinggoods,DICK S SPORTINGGOODS,Dick'S Sporting Goods,Pittsburgh,PA,,,b8ebe955-2f56-410a-9608-0b14e70bbe56
6d616684-0364-481d-8d78-b03a6091ee32,MISSION BBQ TOWN COUNT,MISSION BBQ TOWN COUNT,Mission Bbq,,FL,33634,USA,b7ddd685-f62d-4daa-91e9-748d2c4f0595
6ee3251a-56df-432c-ae00-89e703a8666f,MARSHALLS #1370,MARSHALLS,Marshalls,,SC,29678,USA,98a5f68a-c392-473d-a82a-c1a42d4630c0
6f03e355-3c30-43a6-a5f7-67e5c91fd31e,TARGET T-0228,TARGET T,Target,,CA,91307,USA,5708f213-3880-4f90-9670-0d9d70430050
6f3fd487-7a25-4d26-8c63-b872925f8ff0,DUNKIN' MOBILE,DUNKIN MOBILE,Dunkin',,MA,02021,USA,38c51a81-748f-458c-9b02-71c0c49f286a
6f84bf33-4814-4d86-96ab-951aa8d942ee,NIKE INC,NIKE INC,Nike,,OR,97005,USA,af335e15-e401-4327-af9d-85471b17c941
6fbcb1b2-0e1a-47c9-b49d-85e3b3211bc7,Burger Ki,BURGER KI,Burger King,,CA,,,8b52ff0c-d651-4f68-bbd3-2750086d297a
6fcf0a74-d5d0-4eb8-9c3a-eb80da0287a4,Dd *Doordash Chick Fil Doordash.com,DOORDASH,Doordash,,CA,,US,af07a9f0-ed11-4643-ac0d-cb508f0b8ad5
70601c4b-899b-4be7-bcd9-c43a0b42fc5c,AMERICAN AIR AA ABCDEF,AMERICAN AIR AA ABCDEF,American Airlines,,AZ,85034,USA,0c9da074-ce31-43a9-a7bf-27b3d493092a
7061258b-2af4-4120-a65b-77c54c00e99c,EXXON HASSAN RABIEE-HA,EXXON,Exxonmobil,,CA,90293,USA,7096784d-8a26-4a02-b4ad-51212289b05b
70688376-6862-463f-aba7-e87da52dc48d,KROGER #6 3094 WATSON,KROGER 6 WATSON,Kroger,,GA,31093,USA,78ae4727-267a-48f4-81fa-957896f77017
708811b2-7e3c-4b72-bc2a-faddae9670f5,PUBLIX #682,PUBLIX,Publix,,FL,34957,USA,4dd2a308-c975-4bd3-bdfc-adaf5195a398
70a2db1f-479e-4661-bbf0-27f8e5a40888,ExxonMobil,EXXON,Exxonmobil,Danbury,CT,06811,,7096784d-8a26-4a02-b4ad-51212289b05b
71799435-3f27-4a74-a6d2-dcbc3fc09cef,BURGER KING #9788  Q07,BURGER KING Q07,Burger King,,LA,70785,USA,8b52ff0c-d651-4f68-bbd3-2750086d297a
7285257b-fc0a-4787-84eb-3ae6dc75b2bd,SAMS MEMBERSHIP,SAMS MEMBERSHIP,Steam,,AR,727130000,USA,543f9e7f-9e88-4374-891c-819c8483ad17
72c64adf-7e9b-41b1-8c69-48471aa5a0a6,"Tesla Insurance Services,",TESLA INSURANCE SERVICES,Tesla,,CA,,USA,6cd60727-a74a-451a-beae-62209474ad8b
73cd1b32-558f-4cee-a467-30ffd4f60ed7,UBR* PENDING.UBER.COM,UBR,Uber,,NH,1097 DP,NLD,a6ebb452-1fb7-45a5-a29f-21007c26fcbc
744f24f3-90d1-4cbd-b87b-5d2d028bfd6d,BLUE CROSS/BLUE SHIELD,BLUE CROSS BLUE SHIELD,Anthem Blue Cross Blue Shield,,NC,27707,USA,0176ee34-8b72-428c-98d0-47a45d7ba2d0
74e3d59d-d677-4f81-9762-0920b5c252c0,LULULEMONCOM*,LULULEMONCOM,Lululemon,,CA,90210,USA,68802047-ccdd-4311-ac49-6a7373ce5adf
74fc4c31-ee65-4095-a1e7-919a8176b26f,NIKE-FLIPGIVE,NIKE FLIPGIVE,Nike,,DE,19801,USA,af335e15-e401-4327-af9d-85471b17c941
75a117d4-2fd9-4193-9d3c-c7332f9f7dfd,DILLONS # 725 E. 4TH S,DILLONS E 4TH S,Dillons,Hutchinson,KS,,,573d2f19-284d-49df-9684-5c5cb360607a
75e9ba3d-61f0-46cc-9647-993596d46559,DD *SUSHIOMIYA,DOORDASH,Doordash,,CA,94107,USA,af07a9f0-ed11-4643-ac0d-cb508f0b8ad5
765e973c-30d9-494c-a63a-19f3852ac5e2,LYFT   *1 RIDE 03-13,LYFT,Lyft,,CA,94104,USA,7507548b-589a-4350-920c-96ec5fa86468
767d826b-7f51-4ed6-b55a-40527c592576,WMT PLUS Sep 2024,,WMT PLUS Sep 2024,,AR,72716,USA,
77508284-5ab4-43f8-83e3-30d5b3e72cd4,Hulu,HULU,Hulu,,06,904040000,USA,c82b44e2-e870-4e86-bde3-1782b8d4e8cd
7758d420-2d2e-4123-aeb8-ca44da6f2f07,ALBERTSONS #0460,ALBERTSONS,Albertsons,,NV,89135,USA,28532058-1352-41fd-9bf6-28ae028d9461
784dc9ff-0dd3-4972-b70c-cf00f0cd94aa,CHECKCARD 1106 KINDLE UNLTD SEATTLE WA,CHECKCARD KINDLE UNLTD SEATTLE WA,Kindle,Seattle,WA,,,1379d98d-e829-4075-b798-d7ad562c1a7f
78c22094-c820-46f4-8453-5e123b2f0f9a,IKEA 474025255,IKEA,Ikea,,MD,21236,USA,5cc99a2b-7c71-4e8d-a292-52ce22d8ba3c
7985da5a-c7b3-4a71-8a36-bb7d7bde9c46,HOTELCOM72056544287395,HOTELCOM72056544287395,Hotels.Com,,53,98119,USA,19fa92c4-f97b-4c2e-afb9-fe5237b4c32e
7a9ab407-4015-4ed6-b197-e11647a7b081,HULU,HULU,Hulu,,CA,,USA,c82b44e2-e870-4e86-bde3-1782b8d4e8cd
7aa32df3-b776-4d1c-9429-fd3402de8f59,CHEVRON 0092712,CHEVRON,Chevron,,CA,94002,USA,fad11490-5c49-4fb8-bd94-a1ab9f751fd3
7ab0d6a5-a56c-43eb-a6b1-96affac36a22,STEAMGAMES.COM 4259522,STEAMGAMES COM,Steam,,WA,,USA,543f9e7f-9e88-4374-891c-819c8483ad17
7accfeb6-a90e-4d9c-b7c3-36e571160da3,DISNEYPLUS,DISNEYPLUS,Disney+,,CA,91521,USA,261194ac-5a6c-49b5-a728-f66a9543b1c4
7adcacc6-b994-419c-82ad-68d0bc85b9ee,DUNKIN #344961,DUNKIN,Dunkin',,FL,33406,USA,38c51a81-748f-458c-9b02-71c0c49f286a
7af1e038-e825-40fb-bbf7-b0a6c9320069,NNTCWWW.TARGET.COM 971901,NNTCWWW TARGET COM,Target,,MN,,USA,5708f213-3880-4f90-9670-0d9d70430050
7b449fe2-2230-4afb-bdde-06625809e68a,FOOD LION #0852 103 VI,FOOD LION VI,Food Lion,,NC,28451,USA,7a8748f9-92f2-4707-bce0-fc112761b4a1
7bb33313-a934-4a85-bc30-79a9b8454e33,Chuck E. Cheese's,CHUCK E CHEESE S,Chuck E. Cheese'S,Torrance,CA,90505-,,bba286fa-4310-48de-86a5-463ccf3d639e
7bdb3995-c44e-450d-bdf5-84fe83a354e3,TESLA COMMERCE US,TESLA COMMERCE US,Tesla,,CA,94304,USA,6cd60727-a74a-451a-beae-62209474ad8b
7ce27fcf-ae88-49bc-acf8-aee05b8eafac,Adidas_US Spartanburg SC Digital ,ADIDAS,Adidas,,SC,,,ab705d99-bb1a-4a3c-8c35-5d8137a8263e
7d2d75c8-ea5a-44b2-adc6-f79373e2dcba,Sams Club Renewal,SAMS CLUB RENEWAL,Sam'S Club,,36,117630000,USA,7d9779f0-31b5-450c-879f-5f3e6d8d73bb
7dfbde61-6e63-4204-9181-c01dd5bebaa6,DUNKIN #344123,DUNKIN,Dunkin',,MA,02478,USA,38c51a81-748f-458c-9b02-71c0c49f286a
7e26539b-3262-4018-ab89-00f95d7c695f,Dd *Doordash Bahamabuc Doordash.com,DOORDASH,Doordash,,CA,,US,af07a9f0-ed11-4643-ac0d-cb508f0b8ad5
7e51b2ee-a7ce-416b-9301-895de159b497,Ace Hardware,ACE HARDWARE,Ace Hardware,,FL,,,8b429df7-7418-4f57-b64e-b9d179145b5a
7e6ac33b-7758-4029-acc0-e0d2db9fa006,Purchase DD *DOORDASH FARMERSPI,,Farmerspi,,CA,,US,
7ecd9c39-bb52-4d8c-b504-98e8b9acb950,Dick'ssportinggoods.co Ssportinggoods.co,DICK SSPORTINGGOODS CO SSPORTINGGOODS CO,Dick'S Sporting Goods,,PA,,,b8ebe955-2f56-410a-9608-0b14e70bbe56
7ed62bbc-154f-4109-b61d-c35d78fa19c5,Weis Markets,WEIS MARKETS,Weis Markets,Conshohocken,PA,19428,,86701de6-b870-4fa5-a30b-dcb251340204
7ef69525-85df-469d-8223-0bef08584a76,Klarna,KLARNA,Klarna,,DE,19801,USA,633a1451-a94c-47a0-9cd0-3fa2dd41ea16
7f3e47ed-afec-4d6e-afa6-d8ef1f1c8b6c,Adobe|ADOBE.LY/ENUS,ADOBE ADOBE LY ENUS,Adobe,,CA,,USA,67d7c342-a16e-434f-b0af-824f62496cb1
7f542e26-e012-4436-8774-9f97f4528374,WMT PLUS 2024,WMT PLUS,Ups,,AR,72716,USA,08b9685d-ce88-4343-9f5f-8921840b455f
8029ab4c-8fbc-40c1-9adc-bedd14c79484,LYFT   *RIDE MON 6AM,LYFT,Lyft,,CA,94104,USA,7507548b-589a-4350-920c-96ec5fa86468
804bf9cb-f4b7-4ea1-9531-35577554753b,SEARS.COM 9311,SEARS COM,Sears,,IL,,USA,1aafa4a6-08d6-40c9-abae-974a43ed7a4b
80b5d625-ef8a-4742-aec2-273be4a77724,BURGER KING #9788,BURGER KING,Burger King,,LA,707856042,USA,8b52ff0c-d651-4f68-bbd3-2750086d297a
8286a06f-3758-4931-be18-9de8d08b5e80,FOOD LION #2553 1401 N,FOOD LION N,Food Lion,,NC,28428,USA,7a8748f9-92f2-4707-bce0-fc112761b4a1
82e8ee4c-66b3-416e-b78c-f8518b721735,DD BR #342011,DOORDASH,Doordash,,IL,60503,USA,af07a9f0-ed11-4643-ac0d-cb508f0b8ad5
83130044-71b6-48a8-a319-7df3462dd6e1,7-Eleven,7 ELEVEN,7-Eleven,Moore,OK,73160,,500a4dd3-7bc6-4e52-941f-60bd12caf10d
8346a0d7-9a65-446f-8cdb-0b6cb4891a5f,TRADER JOE S #256,TRADER JOE S,Trader Joe'S,,CA,,USA,6f7809ab-f60d-49fd-bc8e-d764968ef2ee
83917695-b36a-4ebd-90b7-dc5079bba2ac,CHECKCARD 0513 KINDLE UNLTD SEATTLE WA ,CHECKCARD KINDLE UNLTD SEATTLE WA,Kindle,Seattle,WA,,,1379d98d-e829-4075-b798-d7ad562c1a7f
839a795f-977c-4da4-95aa-6bcfedfb6eb1,AUNTIEANNES/CBNCA261/1,AUNTIEANNES CBNCA261 1,Auntie Anne'S,,CA,94015,USA,790ac5c8-f700-46de-806e-0981247a06c6
83acd376-5625-4d6a-9757-d4bf46e0237a,TRADER JOE S #236,TRADER JOE S,Trader Joe'S,,CA,,USA,6f7809ab-f60d-49fd-bc8e-d764968ef2ee
83d6bb8e-d20c-49fd-8735-e4b266b9e44f,Temu.com,TEMU COM,Temu,,MA,,USA,6a311dff-16e9-4deb-8696-4259b63c4ff6
83f81015-ab56-42bb-8587-7aa62197a527,LOWES.COM,,LOWES.COM,,NC,,USA,
840b8722-d777-4943-8f73-0db54580098b,Dick's Sporting,DICK S SPORTING,Dick'S Sporting Goods,Florence,SC,,,b8ebe955-2f56-410a-9608-0b14e70bbe56
840dfa32-596f-411f-a3fa-a3b1be4d4b12,LYFT.COM,LYFT COM,Lyft,,CA,,USA,7507548b-589a-4350-920c-96ec5fa86468
84d89955-6fab-47a7-8b38-ce991f55ce8d,FOOD LION #0864 1740 T,FOOD LION T,Food Lion,,VA,22911,USA,7a8748f9-92f2-4707-bce0-fc112761b4a1
8715d775-8097-4a37-8504-a7a120c72a52,SP KOHAPET,,Shopify,,FL,33445,USA,
87526e47-19c6-4801-89c9-1c33f5198560,0650 AMC EDEN PRAI,,AMC Theatres,,MN,,,
878bb481-8b6b-4764-999a-584a9a8127a9,CVS,CVS,Cvs,St. Louis,MO,63116-,US,e3b217ae-f1ed-4cb6-b056-295abddc7e8d
8796ef8e-4465-4682-8a10-fd7a806b5cbd,Staples Inc,STAPLES INC,Staples,,MA,01702,USA,b823b323-cde1-4edc-8c84-f7d7520aed5e
879b435d-e4d4-4c77-acbc-8f1608f4ae96,DAIRY QUEEN BELMAR,DAIRY QUEEN BELMAR,Dairy Queen,,NJ,,USA,dfd5e19a-546d-4662-aebc-e5b87b0c6a18
88397369-5541-49f4-a30e-72661a622417,IN-N-OUT LV - SAHARA,,IN-N-OUT LV - SAHARA,,NV,89102,USA,
884f466f-b07a-4887-8a5b-b3afe135292d,Ibotta* Total Wine,IBOTTA,Ibotta,,MO,,,70c572a1-545b-4e46-8e50-4bcda16c4e34
8976de92-ef54-493c-bb87-c2dcce1027fc,WHOLEFDS SCP #10563,WHOLEFDS SCP,Whole Foods Market,,DC,,USA,90999ee1-01bb-41dc-886e-34c9b6cd012d
897f53d9-1fcd-4a99-a199-d53a210ae0bd,DELTA AIR   0067120852099,DELTA AIR,Delta Air Lines,,WA,30354,USA,f3677d26-ebe2-4a7a-bcb3-a5ed3f2b551b
8b9f9fbf-97fe-4e24-b34d-35b6149adb98,ASANA.COM,ASANA COM,Asana,,NY,10001,USA,5209adf2-e35e-4989-9593-82dce740e120
8bf00ea9-fcc3-4d4e-b8b2-ed1389cb2923,WMT PLUS Dec 2025,,WMT PLUS Dec 2025,,05,72716,USA,
8cb338fb-cbbd-461c-ac4c-b3f1126b66bd,Nintendo CA1238213423,NINTENDO CA1238213423,Nintendo Eshop,,53,98052,USA,8f624e9c-47cc-46d7-8c91-c331c7694568
8cc021aa-ce51-464b-9f1a-82f70522080e,Costco Gas,COSTCO GAS,Costco,Garden Grove,CA,92843,,902e7383-061f-44a8-8faa-4582d559dd3e
8d3875ca-5cf5-4bc7-8fc5-b70fc845e3b3,Cinemark Theatres,CINEMARK THEATRES,Cinemark,West Dundee,IL,,,5b5c1b85-0a41-460d-92be-fddef50601c0
8da0f6e8-7f48-4150-ad63-5e7c7ddc86b6,WM SUPERCENTER #1960,WALMART,Walmart,,FL,,USA,b44e177a-7699-4b7b-9e48-0aa438f3edef
8dd4d1a9-61bb-4e7b-80ef-858d05dc9270,Amazon Mktpl*1 F50 N3 Oi3 Amzn.com/Bill,AMAZON MKTPL,Amazon,,WA,,US,a22a954d-ca10-44e0-82d9-e007a0611369
8df0e1fd-c1ee-4b14-9bf4-627175121a11,7-ELEVEN #54129,7 ELEVEN,7-Eleven,,HI,967950000,USA,500a4dd3-7bc6-4e52-941f-60bd12caf10d
8e2d0df9-0efc-4147-bcf6-33670c89667e,Dicks Sporting Goods,DICKS SPORTING GOODS,Dick'S Sporting Goods,,RI,02886,USA,b8ebe955-2f56-410a-9608-0b14e70bbe56
8e7440fb-2d0e-414b-bd2b-092252ccba68,TOM THUMB #2580,,TOM THUMB #2580,,TX,76092,USA,
8f08e308-5de9-43e8-a5a4-517d451db6de,HOTELCOM,HOTELCOM,Hotels.Com,,32,89144,USA,19fa92c4-f97b-4c2e-afb9-fe5237b4c32e
8f40e734-2f7b-45f8-b6a7-9f7eb47221e8,Adobe Inc,ADOBE INC,Adobe,,CA,95110,USA,67d7c342-a16e-434f-b0af-824f62496cb1
8fa3b0bc-3e83-48ea-8c1c-895672cdeab6,ExxonMobil,EXXON,Exxonmobil,Sandy Springs,GA,30350,,7096784d-8a26-4a02-b4ad-51212289b05b
9022d1c7-7ab2-48e5-8401-8380aec4b106,DELTA.CO,DELTA CO,Delta Air Lines,,TX,75225,USA,f3677d26-ebe2-4a7a-bcb3-a5ed3f2b551b
906084c9-4d47-4b36-ba8f-c8163c82da74,Nike.com,NIKE COM,Nike,,CA,90803,USA,af335e15-e401-4327-af9d-85471b17c941
9134b448-cd6b-4da8-9e0e-e69904c7f1c4,TOM THUMB #2580,,TOM THUMB #2580,,TX,76092,USA,
915ecb95-ffea-48a7-a5ef-622a25108f91,GRUBHUBSUBWAY,GRUBHUBSUBWAY,Grubhub,,NY,10018,USA,3227611f-5e2a-4428-8dbc-08569e968515
92059999-c272-4031-839d-3aab5f4bec46,Debit Card purchase KINDLE UNLTD,DEBIT CARD PURCHASE KINDLE UNLTD,Kindle,,WA,,,1379d98d-e829-4075-b798-d7ad562c1a7f
9249ef84-5cb1-4414-bbcf-187c5193d515,DISNEYPLUS,DISNEYPLUS,Disney+,,CA,91521,USA,261194ac-5a6c-49b5-a728-f66a9543b1c4
924c260e-74dc-49a3-9032-cb6b7c881802,ADOBE ADOBE.LY/ENUS,ADOBE ADOBE LY ENUS,Adobe,,CA,95110,USA,67d7c342-a16e-434f-b0af-824f62496cb1
92d18096-9241-489d-ab71-2ab1d2f98f8d,WMT PLUS Jul 2024,,WMT PLUS Jul 2024,,AR,72716,USA,
92ef5694-d5cb-4224-b0b3-88c4e8fe42d7,DISNEYLAND TICKETS,DISNEYLAND TICKETS,Disneyland Resort,,06,928020000,USA,1e097c33-e0b6-4094-91f6-d539fe48610b
936c471a-dfce-4310-afe7-c04eea2f47bf,Albertsons,ALBERTSONS,Albertsons,,CA,92629-,,28532058-1352-41fd-9bf6-28ae028d9461
93840dc7-9a12-4ea4-83ec-f9d1567fbfd9,Food 4 Less,FOOD 4 LESS,Food 4 Less,Springfield,MO,,,81c52581-e1ba-4590-9889-7bb124796129
93a7b968-507e-4613-a51a-706e658f8c16,EXXON PITSTOP MOBIL MA,EXXON,Exxonmobil,,MI,49519,USA,7096784d-8a26-4a02-b4ad-51212289b05b
948f06c3-c0bf-4893-912b-9d0a9a74b359,ADOBE|ADOBE.LY/ENUS,ADOBE ADOBE LY ENUS,Adobe,,CA,951100000,USA,67d7c342-a16e-434f-b0af-824f62496cb1
94e90c37-df36-4969-89ce-0d61566cca91,EXXON AMAL SHAHIN,EXXON,Exxonmobil,,CA,90007,USA,7096784d-8a26-4a02-b4ad-51212289b05b
9508b3a7-bebc-45a4-a316-8c042e384de0,WALGREENS 901 S CROWLE,WALGREENS S CROWLE,Walgreens,,TX,76036,USA,96d73295-5392-4975-a0cd-aabca0fb7ddc
9578513f-f8d1-47b4-abe1-2731241001da,WAL-MART #3545,WAL MART,H Mart,,CT,,USA,9af19142-a550-45f6-a17f-d32a9cb1cf81
95d0b4a9-5907-4804-8ae8-1cbe20c95c1a,WM SUPERCENTER #1960,WALMART,Walmart,,FL,33607,USA,b44e177a-7699-4b7b-9e48-0aa438f3edef
95e5da42-1be6-4fa3-863c-bad16563a11d,CVS,CVS,Cvs,Waukesha,WI,,,e3b217ae-f1ed-4cb6-b056-295abddc7e8d
95f041ed-fca8-4a88-91cb-3d925abefb1c,WWW COSTCO COM,WWW COSTCO COM,Costco,,WA,,USA,902e7383-061f-44a8-8faa-4582d559dd3e
96110865-8bdc-47ca-9a26-e8011b805b6b,CHECKCARD 0414 KINDLE UNLTD SEATTLE WA ,CHECKCARD KINDLE UNLTD SEATTLE WA,Kindle,Seattle,WA,,,1379d98d-e829-4075-b798-d7ad562c1a7f
9656205f-9064-4ae9-b1d3-9ceefd7f3878,AMAZON MKTPL*07 440 Terry Ave N Amzn.com/bill,AMAZON MKTPL,Amazon,,WA,,US,a22a954d-ca10-44e0-82d9-e007a0611369
9665ff04-38e4-4b7c-897c-0c1c4fefbfd4,Amazon Mktpl*100 Sb6 Sv3 Amzn.com/Bill,AMAZON MKTPL,Amazon,,WA,,US,a22a954d-ca10-44e0-82d9-e007a0611369
979a8a29-3aaf-49c7-8d35-17161b1798fe,ACE HARDWARE,ACE HARDWARE,Ace Hardware,,MD,20646,USA,8b429df7-7418-4f57-b64e-b9d179145b5a
97e9c472-003b-404b-bceb-1bf3f8831e7a,ADOBE  *ADOBE,ADOBE,Adobe,,06,951100000,USA,67d7c342-a16e-434f-b0af-824f62496cb1
981b90fd-ead3-4538-8661-80fdad0b0c43,COSTCO WHSE,COSTCO WHSE,Costco,,NY,100017607,USA,902e7383-061f-44a8-8faa-4582d559dd3e
9823133c-a9e9-4557-aebd-6de295c1c241,CHICK-FIL-A #00358,CHICK FIL A,Chick-Fil-A,,FL,34957,USA,3cf2e099-45dd-494a-9a8e-c93b61ed4146
9859c5d3-0283-4009-b814-5dc7bf77b53a,AMAZON MKTPL*0C15P1FK3 Amzn.com/bill,AMAZON MKTPL,Amazon,,WA,,,a22a954d-ca10-44e0-82d9-e007a0611369
997c5fc1-859a-4064-b582-36eaff5a5d3e,PURCHASE 03/15 DD *DOORDASH TARGET +XXXXX819470,,Target,,CA,,,
99aae359-0f24-4755-8b32-3d5d4bc7cc22,KROGER #4 11630 HWY 51,KROGER 4 HWY 51,Kroger,,TN,38004,USA,78ae4727-267a-48f4-81fa-957896f77017
9a594c6e-a907-4dd1-9993-f88cb40f4c8b,SAKS FIFTH AVE 630,SAKS FIFTH AVE,Saks Fifth Avenue,,MA,02199,USA,e6c9457e-531b-4a1b-9a20-9e07b0ffafd8
9ae52c48-2554-4e72-8c6e-39a524302edd,ADOBE  *ACROPRO TRIAL,ADOBE,Adobe,,CA,951100000,USA,67d7c342-a16e-434f-b0af-824f62496cb1
9b97d430-fc3c-438e-8e6d-43706f56c622,PANERA BREAD #600820,PANERA BREAD,Panera Bread,,TN,37203,USA,0afb7f85-ea84-4b73-85ee-e39980c931c2
9be447fa-f4d9-4dce-b147-bdd3ec736019,DICK'S Sporting Goods,DICK S SPORTING GOODS,Dick'S Sporting Goods,Roseville,CA,,US,b8ebe955-2f56-410a-9608-0b14e70bbe56
9c576048-ac1e-4fc6-afd6-b4af4593e6b5,BESTBUYCOM806963419084,BESTBUYCOM806963419084,Best Buy,,MN,55423,USA,e7c22c18-09a6-4dee-b28d-41215f163ba2
9c5800e1-691d-474b-ac93-e6df2a9e45f9,WEIS MARKETS 084,WEIS MARKETS,Weis Markets,,MD,,USA,86701de6-b870-4fa5-a30b-dcb251340204
9d2f1f7b-91c7-4349-8bd2-8e58848ed129,Albertsons,ALBERTSONS,Albertsons,,CA,91784-,,28532058-1352-41fd-9bf6-28ae028d9461
9d43ef30-b7c8-4d6f-8b27-11d2dbc4b648,COACH,COACH,Coach Outlet,,NY,,USA,7306211f-cceb-490d-bc9c-07fa78e20a15
9df84583-7560-4236-beac-5000ee0b0816,Dairy Queen Belmar,DAIRY QUEEN BELMAR,Dairy Queen,,NJ,,USA,dfd5e19a-546d-4662-aebc-e5b87b0c6a18
9f7b1783-60ba-40a0-afda-3d6d2d1f65b3,DD *DOORDASHDASHPASS DOORDASH.COM,DOORDASH,Doordash,,CA,,,af07a9f0-ed11-4643-ac0d-cb508f0b8ad5
9fa613e9-82a4-4e14-85ae-7f6622d61c61,WHOLEFDS WTP#10723,WHOLEFDS WTP,Whole Foods Market,,FL,,USA,90999ee1-01bb-41dc-886e-34c9b6cd012d
a0b7edab-9b58-491b-ad2c-2deb7633a4ad,AMAZON MKTPL*ZC4XG9Amzn.com/bill,AMAZON MKTPL,Amazon,,WA,,US,a22a954d-ca10-44e0-82d9-e007a0611369
a0da83b8-85c1-4a4e-bc6e-0a819b3d95db,VESTA  *AT&T PREPAID,VESTA,Steam,,OR,972230000,USA,543f9e7f-9e88-4374-891c-819c8483ad17
a16965f8-d4e1-48e0-b2bd-7b9aed4a03c6,IBOTTA* CVS PHA DENVER /CO US CARD PURCHASE,IBOTTA,Ibotta,Denver,CO,,,70c572a1-545b-4e46-8e50-4bcda16c4e34
a16e10b5-96c8-404a-b8ec-ec7506553ae4,PUBLIX #1608,PUBLIX,Publix,,SC,29680,USA,4dd2a308-c975-4bd3-bdfc-adaf5195a398
a173fc85-ba9c-412b-b090-c7f2e909ca80,GRUBHUB*DAIRYQUEEN,GRUBHUB,Grubhub,,NY,100180000,USA,3227611f-5e2a-4428-8dbc-08569e968515
a185b095-0e48-4253-aba4-ea10e6405ee4,DD *DOORDASH HOTWOK DOORDASH.COM,DOORDASH,Doordash,,CA,,,af07a9f0-ed11-4643-ac0d-cb508f0b8ad5
a1b5667b-4985-4ac3-8669-29aecb56897d,OURI`S MARKET DEAL,OURI S MARKET DEAL,Ouri'S Market,,NJ,077231502,USA,010f0faf-a01f-430c-adb3-fa47d40996ea
a1c800d0-3c6f-4bbb-b10e-af316e4fa752,Klarna*klarna plus,KLARNA,Klarna,,OH,43215,USA,633a1451-a94c-47a0-9cd0-3fa2dd41ea16
a26f0b72-659b-4eff-992c-a0d078c14cb7,Dicks Sporting Goods,DICKS SPORTING GOODS,Dick'S Sporting Goods,,FL,33137,USA,b8ebe955-2f56-410a-9608-0b14e70bbe56
a294e1e5-ea02-41e5-8cbf-a3030e831297,Albertsons,ALBERTSONS,Albertsons,,CA,93117-,,28532058-1352-41fd-9bf6-28ae028d9461
a2bda367-dbfb-4320-9859-7370d0a510d8,WINGSTOP 823,WINGSTOP,Wingstop,,LA,70056,USA,78bbef3f-7501-4a9c-9ed0-3f70e04ddfa4
a2ff42df-ffe3-4a0e-8f65-75c4bb828c28,Amc Concord Mills,,AMC Theatres,,NC,,,
a2ff56c3-4520-4bfc-b1e9-2cf281ae265e,MACYS  STANFORD,MACYS STANFORD,Macy'S,,CA,94306,USA,df778d6b-989c-4e8d-8904-c6cd7707d8c1
a312382c-7a75-4bfb-928c-3306be423053,TACO BELL 739066,TACO BELL,Taco Bell,,NJ,08865,USA,abb94fe7-7084-4ace-a00d-53f446223806
a38a34df-7c75-49ab-b6ed-9acc7fd81200,UNITED      0162447009461,UNITED,United,,TX,77002,USA,af39c417-7703-49e2-8f65-65844f01ceb0
a3e7dad1-9ad2-4c37-8646-69789eb96739,Purchase DD *DOORDASH JEWEL-OSC +16506819470,,Jewel-Osco,,CA,,US,
a464ce2f-6925-4921-9d26-a9d4cabffab1,COCA COLA NEW ORLEANS,COCA COLA NEW ORLEANS,Coca Cola,,LA,70123,USA,2c184a9b-0aa1-4f59-a443-51f39748c4ea
a48a6745-53a8-4383-a058-99c927645646,TESLA SUBSCRIPTION US,TESLA SUBSCRIPTION US,Tesla,,CA,94304,USA,6cd60727-a74a-451a-beae-62209474ad8b
a493cfbf-d5c2-4ecd-9dff-54e0888a5f10,0148 AMC KATY MILL,,AMC Theatres,,TX,,,
a5065506-9e7b-484c-a08c-29adb9c14f77,7-ELEVEN #54289,7 ELEVEN,7-Eleven,,HI,968130000,USA,500a4dd3-7bc6-4e52-941f-60bd12caf10d
a55dc3ad-24a4-4b0c-bb42-fcfad8a48f84,SIXFLAGS DK VALLEJO CA,SIXFLAGS DK VALLEJO CA,Six Flags,,CA,94589,USA,30d98946-1e0b-42a8-8951-6d3e7cff2638
a5617c4a-c15f-422c-9bcc-99eaecab438a,AMAZON MKTPL*ZC3JZ1Amzn.com/bill,AMAZON MKTPL,Amazon,,WA,,US,a22a954d-ca10-44e0-82d9-e007a0611369
a5db4c94-956d-4613-b376-4bb52eb979ef,LYFT,LYFT,Lyft,,MD,20740,USA,7507548b-589a-4350-920c-96ec5fa86468
a6b4d1ae-815d-4db3-b68a-707bbdcdd482,ETSY.COM,ETSY COM,Etsy,,NY,,USA,61d2fdd9-3b4c-4510-ad54-daf4ee7d1750
a6ff02ba-51cf-4f8f-9a0a-bcbfaac4a8f4,H MART HERNDON LLC,H MART,H Mart,,VA,20170,USA,9af19142-a550-45f6-a17f-d32a9cb1cf81
a70c5f99-69d0-4ab5-bd3e-dea2147ddb3f,Klarna*balance top-u,KLARNA,Klarna,,OH,43215,USA,633a1451-a94c-47a0-9cd0-3fa2dd41ea16
a71bfa11-85a4-4560-a14d-ddbec51045ec,AVIANCA LIFEMILES,AVIANCA LIFEMILES,Avianca Airlines,,FL,33166,USA,5c731ebd-a292-4854-870f-1b09236f19f7
a71f2524-6028-45bd-8c74-34f93c12942f,PUBLIC.COM* 2025-04-14,PUBLIC COM,Public.Com,,NY,10013,USA,5184b4a7-b99b-4e82-a057-abc1a4f834d6
a780012a-089c-4cd6-962a-64ae0e889768,DELTA AIR   Baggage Fee,DELTA AIR BAGGAGE FEE,Delta Air Lines,,MA,30354,USA,f3677d26-ebe2-4a7a-bcb3-a5ed3f2b551b
a7eeef6b-b2e3-436a-8117-50b278ed63ef,AMAZON MKTPL*ZD9JS4Amzn.com/bill,AMAZON MKTPL,Amazon,,WA,,US,a22a954d-ca10-44e0-82d9-e007a0611369
a85dbc04-a356-4638-9ee0-70c91b3143fb,"NESPRESSO USA, INC.",NESPRESSO USA INC,Nespresso,,36,10120,USA,1bbaffd1-688c-4bc4-8430-a5ea562381ca
a932bc52-71d8-4702-adae-9c463758a920,WENDY'S #154,WENDY S,Wendy'S,,FL,32301,USA,071b4c72-8175-4e50-a59e-726bc90e150f
a964577b-85eb-449b-8f7a-7aa7db3bf766,DLR MILK STAND,,DLR MILK STAND,,CA,928020000,USA,
a967a924-71b8-47bf-8f44-e33c34b08726,KROGER #6 774 HWY. 96,KROGER 6 HWY 96,Kroger,,GA,31093,USA,78ae4727-267a-48f4-81fa-957896f77017
a9c8becc-3a9e-4c62-96be-938c6df6e4ba,Etsy,ETSY,Etsy,,NY,,USA,61d2fdd9-3b4c-4510-ad54-daf4ee7d1750
ab383de7-266d-4357-b183-c1f6afef4fc7,HLU*HULUPLUS,HLU,Hulu,,CA,,USA,c82b44e2-e870-4e86-bde3-1782b8d4e8cd
ab5aa5b2-dee3-47aa-a0c0-7110e727f5a1,ATTNYLIVESBBUNDLE,ATTNYLIVESBBUNDLE,At&T,,VA,23452,USA,47a0ced9-0ab8-4832-b812-20a8a8f57e87
ab6e02a5-f647-4e01-b0a0-0ce36411b246,COCA COLA CHARLESTON S,COCA COLA CHARLESTON S,Coca Cola,,SC,294185964,USA,2c184a9b-0aa1-4f59-a443-51f39748c4ea
ad52fd3c-97f8-4248-a6d4-a63a04c58835,CALM.COM SUBSCRIPTION,CALM COM SUBSCRIPTION,Calm,,06,94301,USA,af527200-51e2-49d5-826e-5e1be393da90
ad5cc2ee-470b-432f-a874-c0241af8b76a,MEIJER # 102,MEIJER,Meijer,,OH,45440,USA,1238ef25-d463-4e01-a907-868776df17af
aebe7d62-526c-44ac-bd26-1aa4579b5307,NNT WWW.TARGET.COM 860301,NNT WWW TARGET COM,Target,,MN,,USA,5708f213-3880-4f90-9670-0d9d70430050
af58bc49-a80c-411c-a9b1-a938241f8fa7,DUNKIN #354291,DUNKIN,Dunkin',,NC,27332,USA,38c51a81-748f-458c-9b02-71c0c49f286a
af67dfce-a804-40ed-8e4a-d1c3f346edbb,WM SUPERCENTER #3522,WALMART,Walmart,,CA,91706,USA,b44e177a-7699-4b7b-9e48-0aa438f3edef
af6f8738-49a1-40e9-8aea-d25b95abb7fa,Dsw,DSW,Dick'S Sporting Goods,,OH,,US,b8ebe955-2f56-410a-9608-0b14e70bbe56
af969083-462b-49c8-84b5-90af54efad53,Chuck E. Cheese's,CHUCK E CHEESE S,Chuck E. Cheese'S,Clearwater,FL,33763-,,bba286fa-4310-48de-86a5-463ccf3d639e
b035766f-1a28-4b5d-89d8-73a18fa8e823,Cinemark Theatres,CINEMARK THEATRES,Cinemark,Monroeville,PA,,,5b5c1b85-0a41-460d-92be-fddef50601c0
b04994dd-7100-4ce5-9b76-f4bf7c15b3f3,Abercrombie,ABERCROMBIE,Abercrombie & Fitch,,FL,,,100b54da-1090-43cf-a740-13181be51d00
b0d70fb2-fde7-4c93-aaff-b41c4d8116f2,TRADER JOE S #676,TRADER JOE S,Trader Joe'S,,OH,,USA,6f7809ab-f60d-49fd-bc8e-d764968ef2ee
b1aa8734-b296-4a59-9f6f-65d4b27708dd,H MART FAIRFAX LLC,H MART,H Mart,,VA,22030,USA,9af19142-a550-45f6-a17f-d32a9cb1cf81
b2203ef5-9b7a-4f57-8874-1fdbf1d9cbb0,TM *TICKETMASTER,TM,Ticketmaster,,CA,900280000,USA,5fd8fa54-4876-4e8b-9a6a-3e515b98b998
b27bdc80-b528-41c5-a5c7-9bccc6fbdb18,SAMSCLUB.COM,,SAMSCLUB.COM,,AR,727120000,USA,
b29b3eb2-a70e-4201-84d6-2b30bead3e16,Card Dunkin,CARD DUNKIN,Dunkin',Petersburg,VA,23805-,,38c51a81-748f-458c-9b02-71c0c49f286a
b31aeb27-a47f-46b7-9ee3-39993c8720b1,EXXON BKZ,EXXON,Exxonmobil,,AZ,85032,USA,7096784d-8a26-4a02-b4ad-51212289b05b
b3208879-9315-4bb8-a3b3-8bf793c5efc7,AUNTIEANNES/CBNCA261/1,AUNTIEANNES CBNCA261 1,Auntie Anne'S,,CA,940150000,USA,790ac5c8-f700-46de-806e-0981247a06c6
b38e746f-f97e-4499-ae05-856700a18c9d,ADIDAS ONLINE STORE 11/22 REFUND,ADIDAS,Adidas,,OR,,,ab705d99-bb1a-4a3c-8c35-5d8137a8263e
b4586d19-b0c0-4773-838b-c212c8b97451,eBayCommerce,EBAYCOMMERCE,Ebay,,CA,,USA,619e0c0f-7b7f-41a0-84d5-1920a88e5eff
b4d16319-cff0-4f83-9b8a-9cd43171ff12,7-ELEVEN #54289,7 ELEVEN,7-Eleven,,HI,96813,USA,500a4dd3-7bc6-4e52-941f-60bd12caf10d
b5167591-727e-4601-8de4-276b2f5adc3c,TM *TICKETMASTER,TM,Ticketmaster,,CA,,USA,5fd8fa54-4876-4e8b-9a6a-3e515b98b998
b5599dcb-8b0e-468e-b65d-83790d6ed417,KLARNA,KLARNA,Klarna,,OH,43215,USA,633a1451-a94c-47a0-9cd0-3fa2dd41ea16
b5f85b6f-97e7-4024-92ad-3b60b23f1da2,DD *DOORDASH CHILISGRI DOORDASH.COM,DOORDASH,Doordash,,CA,,,af07a9f0-ed11-4643-ac0d-cb508f0b8ad5
b66939bf-fe24-426b-aee1-47d23a0d2438,AIRBNB * HM3KKSJ8W5,AIRBNB,Airbnb,,CA,,,b9268df3-3cb2-4361-8629-433889870aa5
b67ad0d7-b684-4b08-b59b-9a84e2a56091,HOTELCOM72056698562154,HOTELCOM72056698562154,Hotels.Com,,53,98119,USA,19fa92c4-f97b-4c2e-afb9-fe5237b4c32e
b7407ba0-4a09-45fc-b7ae-565e0353a8ec,WM SUPERCENTER #1213,WALMART,Walmart,,FL,,USA,b44e177a-7699-4b7b-9e48-0aa438f3edef
b774dfc6-b72c-44dc-ab1a-e60149d22657,UBER   ONE,UBER ONE,Uber,,CA,94105,USA,a6ebb452-1fb7-45a5-a29f-21007c26fcbc
b78edb86-b9bc-423d-943d-2431a130f3f1,STAPLES DIRECT,STAPLES DIRECT,Staples,,MA,01702,USA,b823b323-cde1-4edc-8c84-f7d7520aed5e
b79030ca-a2ab-4015-b17b-ac764bd54487,COSTCO WHSE #14,COSTCO WHSE 14,Costco,,TN,37128,USA,902e7383-061f-44a8-8faa-4582d559dd3e
b7faf220-a8e7-4d09-b56a-b88c3b760cc4,"SHEINUSServices,LLC",SHEINUSSERVICES LLC,Shein,,DE,19934,USA,8d313e12-f5d1-4c14-b9de-a974d3b55660
b891806e-b580-4bd7-b58d-b6d696124a4f,ALBERTSONS #0357,ALBERTSONS,Albertsons,,CA,93117,USA,28532058-1352-41fd-9bf6-28ae028d9461
b919ba64-81e0-4b07-b7f8-69866343bd9f,TARGET ST 630 N. LaSal,TARGET ST N LASAL,Target,,IL,60654,USA,5708f213-3880-4f90-9670-0d9d70430050
b94e13c2-6ced-4878-8131-078782e2932e,STAPLES DIRECT,STAPLES DIRECT,Staples,,MA,,USA,b823b323-cde1-4edc-8c84-f7d7520aed5e
b96e848b-d367-4a4d-90ac-e3a7f7cac299,WALGREENS #5864,WALGREENS,Walgreens,,CA,94523,USA,96d73295-5392-4975-a0cd-aabca0fb7ddc
b9905c58-d948-423d-be1f-84efbe89c234,Dd *Doordash Dollargen Doordash.com,DOORDASH,Doordash,,CA,,US,af07a9f0-ed11-4643-ac0d-cb508f0b8ad5
ba851585-4b08-42b5-88c9-c87e314bceb7,SHEIN.COM,SHEIN COM,Shein,,DE,19934,USA,8d313e12-f5d1-4c14-b9de-a974d3b55660
bafad33c-f9d7-4341-ab3b-b438e42c8d35,TESLA SERVICE US,TESLA SERVICE US,Tesla,,06,94304,USA,6cd60727-a74a-451a-beae-62209474ad8b
bb07c9c9-d210-4263-b0c9-bd635b5ae865,COSTCO WHSE #00,COSTCO WHSE 00,Costco,,CA,94526,USA,902e7383-061f-44a8-8faa-4582d559dd3e
bb6ca3a7-b985-41e0-adcf-c473061c4cb3,Etsy Etsy.com*comicreplic,ETSY ETSY COM,Etsy,,NY,,USA,61d2fdd9-3b4c-4510-ad54-daf4ee7d1750
bb7cf037-cfbe-480a-9a4f-3f92d54b296d,SP MAGICMINIMAN.COM,,Shopify,,CO,80003,USA,
bbb2fee6-8946-44e9-8bb6-c1c476550ac6,TACO BELL #035336,TACO BELL,Taco Bell,,NY,10038,USA,abb94fe7-7084-4ace-a00d-53f446223806
bbd51e92-2e73-4dd7-a58a-9ce435ba8b16,"CALM.COM, INC.",CALM COM INC,Calm,,06,94301,USA,af527200-51e2-49d5-826e-5e1be393da90
bc5f5376-647c-4d1a-b551-1897fdb22860,MCDONALD'S F11629,MCDONALD S F11629,Mcdonald'S,,CA,92707,USA,a971af14-f021-4080-b511-ad47b5b2f0dc
bd540c5a-540f-47fb-9bcd-4ce0200f0791,Cinnabon,CINNABON,Cinnabon,Lynnwood,WA,98037-,,a1859719-bc9a-47dd-8632-5cdb34844bcd
bd750a5f-ddf0-45e0-a4d9-f570832e5d25,TARGET T-0321,TARGET T,Target,,CA,94063,USA,5708f213-3880-4f90-9670-0d9d70430050
bde53174-25f9-40f3-b98a-78ec7de48955,Costco,COSTCO,Costco,Shelby Township,MI,48315,,902e7383-061f-44a8-8faa-4582d559dd3e
be6e7534-604b-4c4f-bb74-e1dcf26c7195,NIKE.COM,NIKE COM,Nike,,41,970050000,USA,af335e15-e401-4327-af9d-85471b17c941
beb073aa-0cd5-4fcb-ba9a-4b2c016bd85d,Amc Garden State,,AMC Theatres,,NJ,,,
bf0405dd-7e64-4339-a946-bff16f3dc0fc,Staples Inc,STAPLES INC,Staples,,MA,01702,USA,b823b323-cde1-4edc-8c84-f7d7520aed5e
bf0d06a9-3782-468c-92bf-ae8455d550ba,FRYS-FOOD 2250 BASELIN,FRYS FOOD BASELIN,Fry'S Food And Drug,,AZ,85042,USA,9e2fa388-6eb2-4c92-ac5f-8eaaac9e562c
bf1be3b2-73ba-4f2f-85da-d1281889cf67,TOM THUMB #2609,,TOM THUMB #2609,,TX,76054,USA,
bfb6559b-6789-4c5f-92b7-a0e81e477749,DISNEYPLUS,DISNEYPLUS,Disney+,,CA,91521,USA,261194ac-5a6c-49b5-a728-f66a9543b1c4
bffac4fb-5f22-4016-943a-d055ddae8e21,Chuck E. Cheese's,CHUCK E CHEESE S,Chuck E. Cheese'S,Houston,TX,77079-,,bba286fa-4310-48de-86a5-463ccf3d639e
c00fe788-45ba-4d34-8744-567107a4f76d,Purchase DD *DOORDASH CHIPOTLEM +16506819470,,Chipotle Mexican Grill,,CA,,US,
c01c6bb9-02c4-4d84-a349-100933166cbc,MEIJER STORE #121,MEIJER STORE,Meijer,,IN,46545,USA,1238ef25-d463-4e01-a907-868776df17af
c02192de-6420-4f7b-8d7c-edeca20d6c9e,Purchase DD *DOORDASH BOLAY,,Bolay,,CA,,US,
c04a2ed7-bdac-45db-b17c-85860c5e3f29,COCA COLA MAUI,COCA COLA MAUI,Coca Cola,,HI,967932007,USA,2c184a9b-0aa1-4f59-a443-51f39748c4ea
c0d34060-6792-4bbc-993c-9583751e4491,STAPLES,STAPLES,Staples,,MD,20742,USA,b823b323-cde1-4edc-8c84-f7d7520aed5e
c1915559-0f48-4b77-95ae-61a4e8080f86,IBOTTA* CVS PHARMACY G,IBOTTA,Ibotta,+13035931633,CO,,USA,70c572a1-545b-4e46-8e50-4bcda16c4e34
c194a8e7-4b8c-4c55-87c5-47a931ed97d3,TM *TICKETMASTER,TM,Ticketmaster,,CA,90028,USA,5fd8fa54-4876-4e8b-9a6a-3e515b98b998
c1a1e71d-02f3-4363-8351-a069e855d2cb,KLARNA,KLARNA,Klarna,,DE,19801,USA,633a1451-a94c-47a0-9cd0-3fa2dd41ea16
c1d80ece-923d-487c-a38d-e7ec9f89e98a,ADIDAS 617 08/18 PURCHASE,ADIDAS,Adidas,,FL,,,ab705d99-bb1a-4a3c-8c35-5d8137a8263e
c298fdb4-22c4-4fb5-8dad-3a87f94696f8,AA WIFI 1-888-649-6711,,AA WIFI 1-888-649-6711,,TX,76155,USA,
c29b0318-35d8-48b7-aa27-34520bda55f1,MISSION BBQ TOWN N COUNTR,MISSION BBQ TOWN N COUNTR,Mission Bbq,,FL,33634,USA,b7ddd685-f62d-4daa-91e9-748d2c4f0595
c2ade5e5-0115-40a3-9e93-5b54ab5ec17e,Albertsons,ALBERTSONS,Albertsons,El Paso,TX,79938,,28532058-1352-41fd-9bf6-28ae028d9461
c2cd0b4a-26b5-436a-86d6-a6aa3c898445,ALBERTSONS #0460,ALBERTSONS,Albertsons,,NV,89135,USA,28532058-1352-41fd-9bf6-28ae028d9461
c4957307-f519-46f7-99e0-d0c2bdc22a78,Dd *Doordash Foodlion,DOORDASH,Doordash,San Francisco,CA,,US,af07a9f0-ed11-4643-ac0d-cb508f0b8ad5
c4976ed3-4773-4104-9b9f-7f7addbb0faa,Purchase DD *DOORDASH CROWNFRIE +16506819470,,Crownfrie,,CA,,US,
c516c7ee-0386-46b0-96e9-1032a0526674,LinkedIn Pre P18916311,LINKEDIN PRE P18916311,Linkedin,,CA,94043,USA,a7195b2a-196b-4b52-86e5-0102029d6dc2
c57ddd3b-4069-4a9c-9574-508c681450f6,WOODMANS FOOD MARKET 020,,WOODMANS FOOD MARKET 020,,WI,,USA,
c5801d43-9d96-4726-8272-099ef0df9228,Purchase DD *DOORDASH HALALMUNC +16506819470,,Halalmunc,,CA,,US,
c62d786c-fc85-4b03-a003-cf41551e671e,NEIMAN MARCUS 031,NEIMAN MARCUS,Neiman Marcus,,HI,,USA,2c3d3426-92ad-4fe0-bf20-3c4e666178e0
c63cd243-1d44-457a-9bc4-7f998d542363,Cinemark Theatres,CINEMARK THEATRES,Cinemark,Provo,UT,,,5b5c1b85-0a41-460d-92be-fddef50601c0
c682a2f4-27c3-41e2-809f-9e8600bccb4e,ALBERTSONS #0301,ALBERTSONS,Albertsons,,UT,84780,USA,28532058-1352-41fd-9bf6-28ae028d9461
c70a5a8b-b41f-46e2-8201-1dbc1e35b763,LOWE'S #1192,LOWE S,Lowe'S,,36,10962,USA,47bb20de-2923-410e-bb38-73638be33a72
c77c02b3-ff1a-4d0c-8249-fe657d3c0fcc,DOMINO'S 2071,DOMINO S,Domino'S,,WI,53154,USA,8f2bd73f-2847-488a-b720-ee5d6a5631b3
c79cb9d8-e7e5-47c5-ad9e-ab82716184bd,DISCORD,DISCORD,Discord,,NJ,10001,USA,a7093c1a-88a9-48ad-8b97-90a2f1ad5385
c7b375af-0f71-4c4f-a377-4a35955dff7a,MARSHALLS #0271,MARSHALLS,Marshalls,,CA,94061,USA,98a5f68a-c392-473d-a82a-c1a42d4630c0
c7ce707f-9a3a-455c-b25f-178419a24fcb,ADOBE  *CREATIVE CLOUD,ADOBE,Adobe,,CA,951100000,USA,67d7c342-a16e-434f-b0af-824f62496cb1
c7ec24e2-0bb4-49b7-9c3f-6d8be09445fb,Harry s Razors,HARRY S RAZORS,Harry'S,,MO,64108,USA,1cb91e09-7907-486e-947f-eb9910f8c731
c81e4e65-6975-40fc-8918-4a889cbb6f3c,CS Grubhub Gift Card,CS GRUBHUB GIFT CARD,Grubhub,,ME,,USA,3227611f-5e2a-4428-8dbc-08569e968515
c8da5f8a-a6df-45f0-aab5-9e22460b08a4,FLUZAPP*UBER,FLUZAPP,Fluz,,NY,10001,USA,73592572-bed3-4192-a996-b4facb35f064
c9b5325b-42b9-422d-9fb6-652e9b11e292,Chevron,CHEVRON,Chevron,El Dorado Hills,CA,95762-,,fad11490-5c49-4fb8-bd94-a1ab9f751fd3
ca1fbb61-7bcb-4dda-a454-3fad3c79b7a2,DLR LIGHTNING/GENIE,DLR LIGHTNING GENIE,Nike,,CA,928020000,USA,af335e15-e401-4327-af9d-85471b17c941
cb7a2f74-d0fe-4990-a485-4d833f7e7679,WAL-MART #2258,WAL MART,H Mart,,VA,,USA,9af19142-a550-45f6-a17f-d32a9cb1cf81
cb7db37b-1936-4a69-9c73-d831b2071c0f,TARGET T-1342,TARGET T,Target,,IL,60018,USA,5708f213-3880-4f90-9670-0d9d70430050
cde492cf-e33f-47a1-89ea-f3549c179249,AMZN Mktp DE*RH44N82O4,AMZN MKTP DE,Amazon,,LU,L2338,LUX,a22a954d-ca10-44e0-82d9-e007a0611369
ce03a937-cb9d-4c07-8b2e-9096bddbdf3a,FLUZAPP*JAMBAJUICE,FLUZAPP,Fluz,,NY,,,73592572-bed3-4192-a996-b4facb35f064
ce76a488-923d-40e3-9407-c1003c20aa41,McDonalds 11316,MCDONALDS,Mcdonald'S,,IN,46038,USA,a971af14-f021-4080-b511-ad47b5b2f0dc
cee61520-8595-4ef6-ad32-8a4a6ae153e7,Disney PLUS Ecom,DISNEY PLUS ECOM,Disney+,,FL,,USA,261194ac-5a6c-49b5-a728-f66a9543b1c4
cfebd014-2ac5-41a6-bbcf-0dc187a601ea,SHOPIFY* 306741152,SHOPIFY,Shopify,,IL,600076020,USA,574eb114-18e7-4e33-b47b-a0b703c24e12
cff684c7-999b-4db8-9285-64bb7a42c7fe,Dick'sSportingGoods.com,DICK SSPORTINGGOODS COM,Dick'S Sporting Goods,,PA,,,b8ebe955-2f56-410a-9608-0b14e70bbe56
d015f9c0-2e95-490d-9cf8-b22f2a6abda2,DLR ALIEN PIZZA PLANET,DLR ALIEN PIZZA PLANET,Pizza Hut,,CA,928020000,USA,2b1fe211-18da-480d-a17d-054d5000c295
d02daaa2-aba6-456d-8a53-f00d3f81ff5d,DILLONS # 3200 PLAZA E,DILLONS PLAZA E,Dillons,Hutchinson,KS,,,573d2f19-284d-49df-9684-5c5cb360607a
d043b4d9-fc9b-4111-b312-9cb0988caf99,AUNTIE ANNES 110 OLO,AUNTIE ANNES OLO,Auntie Anne'S,,NY,,USA,790ac5c8-f700-46de-806e-0981247a06c6
d0506ad4-81d5-4bdc-a607-cd48f772fd7e,FLUZAPP*WALMART,FLUZAPP,Fluz,,NY,100010000,USA,73592572-bed3-4192-a996-b4facb35f064
d05dba65-99cb-4f83-ad22-69872a17b07c,Netflix.com,NETFLIX COM,Netflix,,CA,950320000,USA,26190b22-a846-4ab9-a1b3-c61ace464a75
d09ccc92-bed2-49ef-b390-0602ecef11f6,4417 AMC FAIRGROUND 10 READING PA 07/13,,AMC Theatres,,PA,,,
d1ae767b-b873-47ff-9ea6-e344012db64d,NNT WWW.BESTBUY.COM460101,NNT WWW BESTBUY COM460101,Best Buy,,MN,,USA,e7c22c18-09a6-4dee-b28d-41215f163ba2
d21e38ef-1149-45ac-9d78-a97505a7ef96,THE UPS STORE 7740,THE UPS STORE,Ups,,DC,20002,USA,08b9685d-ce88-4343-9f5f-8921840b455f
d23a5db2-a747-4c11-a7e9-6e6ace4a02a5,Purchase DD *DOORDASH CVS,,CVS,,CA,,US,
d301f8f9-7ed3-41fa-a48b-d1e495750ecc,Mcdonald S,MCDONALD S,Mcdonald'S,,IL,,,a971af14-f021-4080-b511-ad47b5b2f0dc
d33fa4f4-6b21-4dc7-be64-3a1311ee87bc,LinkedIn Pre P19223625,LINKEDIN PRE P19223625,Linkedin,,CA,94043,USA,a7195b2a-196b-4b52-86e5-0102029d6dc2
d3469056-9ed9-4a86-90ea-eee3dcc95b25,CHICK-FIL-A #05066,CHICK FIL A,Chick-Fil-A,,21,40229,USA,3cf2e099-45dd-494a-9a8e-c93b61ed4146
d42904a4-e266-4fac-ba80-9c35a9cd675c,Dick'ssportinggoods.com Ssportinggoods,DICK SSPORTINGGOODS COM SSPORTINGGOODS,Dick'S Sporting Goods,Coraopolis,PA,,,b8ebe955-2f56-410a-9608-0b14e70bbe56
d4b8eb2e-f20b-4133-93a9-19ffc2733a8d,TRADER JOE S #181,TRADER JOE S,Trader Joe'S,,CA,,USA,6f7809ab-f60d-49fd-bc8e-d764968ef2ee
d4d2cfe8-0b6b-45c4-bbd4-3384f03c46f8,BOS BAGELS* BOS BAGELS,BOS BAGELS,Bo'S Bagels,,NY,,USA,4b630409-6a58-4cfc-8d25-04a73591daa3
d4e48b38-4d89-47ea-a337-e91e98eba3cf,PANERA BREAD #500000 O,PANERA BREAD O,Panera Bread,,MO,63127,USA,0afb7f85-ea84-4b73-85ee-e39980c931c2
d5e3246c-4bd5-42b1-a1bd-49e4091594dd,POS DEBIT UPS*MY-CHOICE,POS DEBIT UPS,Ups,,GA,,,08b9685d-ce88-4343-9f5f-8921840b455f
d652e0a6-1ba2-4dd0-b54f-9d75dfa1c512,AIRBNB HMBFK3FJ59 AIRBNB.COM,AIRBNB HMBFK3FJ59 AIRBNB COM,Airbnb,,CA,,,b9268df3-3cb2-4361-8629-433889870aa5
d66751c9-e48f-4ff6-9c3b-a06ce02291b2,IN-N-OUT TUSTIN,,IN-N-OUT TUSTIN,,CA,92782,USA,
d686a563-5367-403f-8d7c-3d2e2810cef8,Nintendo CD1321449615,NINTENDO CD1321449615,Nintendo Eshop,,53,98052,USA,8f624e9c-47cc-46d7-8c91-c331c7694568
d6bb12fe-a1d8-4746-8c89-00d19b372e5e,NNT ULTA # 480     572748,,NNT ULTA # 480     572748,,OH,,USA,
d79e7356-095b-4e85-a7a8-fccb34beb189,WALMART EGIFT CARD,WALMART EGIFT CARD,Walmart,,AR,727160000,USA,b44e177a-7699-4b7b-9e48-0aa438f3edef
d84fa6fc-95a9-4e26-95b2-b6d875ff4710,LinkedIn Pre P19896388,LINKEDIN PRE P19896388,Linkedin,,CA,94043,USA,a7195b2a-196b-4b52-86e5-0102029d6dc2
d85b6e42-d6f3-465a-bac5-d7c099b444eb,UNIQLO Fair Lakes,UNIQLO FAIR LAKES,Uniqlo,,VA,22033,USA,63f628a8-bc7a-495e-9a20-814311bfa2a5
d947b199-8b6f-4bff-90c0-4c5513b34254,WMT PLUS Aug 2024,,WMT PLUS Aug 2024,,05,72716,USA,
d9d457bf-1e8b-410c-aa11-1f8284211858,PIZZA HUT 9980,PIZZA HUT,Pizza Hut,,OH,,USA,2b1fe211-18da-480d-a17d-054d5000c295
da2d7004-4446-411b-8076-16bc8b38899f,DICK'S Sporting Goods,DICK S SPORTING GOODS,Dick'S Sporting Goods,Clarksville,IN,47129-,,b8ebe955-2f56-410a-9608-0b14e70bbe56
da68112c-6ba7-46db-94f2-03f1c547b684,WMT PLUS Jul 2024,,WMT PLUS Jul 2024,,AR,72716,USA,
da785401-f584-4a3b-baed-6b299880d3cb,SAKS FIFTH AVE 624,SAKS FIFTH AVE,Saks Fifth Avenue,,FL,33431,USA,e6c9457e-531b-4a1b-9a20-9e07b0ffafd8
da9b7a8e-90e4-476c-858f-e5dfc825cf99,Klarna*Klarna,KLARNA,Klarna,,OH,43215,USA,633a1451-a94c-47a0-9cd0-3fa2dd41ea16
daf2ce63-c9c6-48f0-8f66-1eea3afeaa2f,NIKE.COM AP,NIKE COM AP,Nike,,OR,97005,USA,af335e15-e401-4327-af9d-85471b17c941
db0bcd63-4c87-4735-925f-4c8a5c01c532,PUBLIC.COM* 2025-04-10,PUBLIC COM,Public.Com,,NY,10013,USA,5184b4a7-b99b-4e82-a057-abc1a4f834d6
db3b72bd-bf6b-4d16-af26-69c5ab20a291,WM SUPERCENTER #3522,WALMART,Walmart,,CA,,USA,b44e177a-7699-4b7b-9e48-0aa438f3edef
db4c5626-26e5-4d9d-b9f9-b4ab0be3aead,AMAZON RETAIL,AMAZON RETAIL,Amazon,,53,98109,USA,a22a954d-ca10-44e0-82d9-e007a0611369
db82d0f0-5218-4cb7-9587-8ba4dccf509e,DISCORD* 11XSERVERBOOS,DISCORD,Discord,,CA,,USA,a7093c1a-88a9-48ad-8b97-90a2f1ad5385
dc009cff-c334-4e62-b8c1-98c73651a780,AMZ*The Washington P,AMZ,American Airlines,,11,20071,USA,0c9da074-ce31-43a9-a7bf-27b3d493092a
dc56a21f-dd34-4939-b07c-a7d00a3e68d8,AMAZON MKTPLACE PMTS AMZN.COM/BILL,AMAZON MKTPLACE PMTS AMZN COM BILL,Amazon,,WA,,,a22a954d-ca10-44e0-82d9-e007a0611369
dc657ab6-2865-45ca-bdc7-7ec59fe285a7,AMERICAN AIRLI AA MLXUUQ,AMERICAN AIRLI AA MLXUUQ,American Airlines,,04,85034,USA,0c9da074-ce31-43a9-a7bf-27b3d493092a
dcb596c4-5aff-4675-9701-7a7d977e59c1,TRADER JO TRADER JOES,TRADER JO TRADER JOES,Trader Joe'S,,IL,60047,USA,6f7809ab-f60d-49fd-bc8e-d764968ef2ee
dcbe58f0-73ab-4054-8666-a0c2c422a33d,DISCORD* NITROMONTHLY,DISCORD,Discord,,CA,94107,USA,a7093c1a-88a9-48ad-8b97-90a2f1ad5385
dd0649cd-c5bd-47c6-b941-be4d064dc3c2,IBOTTA* DOORDASH GC,IBOTTA,Ibotta,,CO,,USA,70c572a1-545b-4e46-8e50-4bcda16c4e34
dd31a4d9-75b4-47e4-8ef9-10b5294fbefd,WAL-MART #3522,WAL MART,H Mart,,CA,91706,USA,9af19142-a550-45f6-a17f-d32a9cb1cf81
ddb5a57d-07c4-4cce-950f-5753e3361865,TARGET.COM,TARGET COM,Target,,MN,55445,USA,5708f213-3880-4f90-9670-0d9d70430050
dde010d4-5108-4004-9dba-399ce7b56584,WALMART.COM,WALMART COM,Walmart,,AR,,USA,b44e177a-7699-4b7b-9e48-0aa438f3edef
de73b3f8-00c3-469b-833b-6864926e3aba,ADOBE CREATIVE CLOUD,ADOBE CREATIVE CLOUD,Adobe,,CA,951100000,USA,67d7c342-a16e-434f-b0af-824f62496cb1
de826ca6-d105-4fde-8883-1c87fd311751,LYFT   *TEMP AUTH HOLD,LYFT,Lyft,,CA,,USA,7507548b-589a-4350-920c-96ec5fa86468
dedb2a6b-2904-46a9-a956-61a78ea5d51a,ATT*BUS PHONE PMT,ATT,At&T,,48,752110000,USA,47a0ced9-0ab8-4832-b812-20a8a8f57e87
df0f8eff-fe73-42a0-a5b1-583e3cded62f,Cinemark Theatres,CINEMARK THEATRES,Cinemark,Rockwall,TX,75032-,,5b5c1b85-0a41-460d-92be-fddef50601c0
df2f289d-5113-4ade-8a9d-3ba43429b9fb,ExxonMobil,EXXON,Exxonmobil,Flowood,MS,39232,US,7096784d-8a26-4a02-b4ad-51212289b05b
df39c241-f9e0-4c5a-a3e3-8ff1f5a01b36,Amc Chenal,AMC CHENAL,Amc Theatres,,AR,,,b575cdc0-5dd8-4549-86a1-c52d8bc593df
dfb66da1-1008-46af-a3c2-b733bf16db84,"Tesla Insurance Services,",TESLA INSURANCE SERVICES,Tesla,,06,94538,USA,6cd60727-a74a-451a-beae-62209474ad8b
e0274246-d4c9-4c15-9524-2b5ee339873d,REGAL CINEMAS INC,REGAL CINEMAS INC,Regal Cinemas,,TN,379200000,USA,1d3b9b36-7482-4f66-8533-04505ae9570e
e063ac5d-84b2-445d-96c8-cc735389cd89,KLM AIRLINE 0742108134316,KLM AIRLINE,Klm Royal Dutch Airlines,,DC,10019,USA,2bdd01cd-e212-4f80-a0d8-e0b751fa9e05
e0991e70-47e1-444d-9693-0f21eb9df92b,SHEIN.COM,SHEIN COM,Shein,,CA,90021,USA,8d313e12-f5d1-4c14-b9de-a974d3b55660
e14f6634-bffc-493b-9bba-6a5fab0b2b91,LULULEMON TOWSONCENTER,LULULEMON TOWSONCENTER,Lululemon,,MD,21204,USA,68802047-ccdd-4311-ac49-6a7373ce5adf
e23df428-bf78-4b7d-ad12-329845268c2b,Adobe,ADOBE,Adobe,,CA,,USA,67d7c342-a16e-434f-b0af-824f62496cb1
e323959b-9ca9-46bc-8b3c-3db24d612a90,LongHorn Steakhouse,LONGHORN STEAKHOUSE,Longhorn Steakhouse,,TX,78701,USA,54e2404b-32f1-49f4-97f4-f6805ac4b4df
e366fd21-d492-4345-9d98-c8f0c6ad0119,AMERICAN AIRLI AA GWILHE,AMERICAN AIRLI AA GWILHE,American Airlines,,04,85034,USA,0c9da074-ce31-43a9-a7bf-27b3d493092a
e384ebcf-4036-416a-9f8d-62ecc3329aab,SAMS CLUB #6339,SAMS CLUB,Sam'S Club,,17,60014,USA,7d9779f0-31b5-450c-879f-5f3e6d8d73bb
e4088209-e58b-44f6-809d-8672eac193bc,CNSCWWW.TARGET.COM 662001,CNSCWWW TARGET COM,Target,,MN,,USA,5708f213-3880-4f90-9670-0d9d70430050
e422ff34-57e0-44b7-8b49-692b780a15eb,TEMU.COM,TEMU COM,Temu,,MA,021160000,USA,6a311dff-16e9-4deb-8696-4259b63c4ff6
e4b1c14d-612d-4961-9640-62156cb3bc39,FRYS-FOOD-DRG #046,FRYS FOOD DRG,Fry'S Food And Drug,,AZ,,USA,9e2fa388-6eb2-4c92-ac5f-8eaaac9e562c
e54e0dc9-a203-461e-8a5e-4cfca7b35ae0,SHEINCOM,SHEINCOM,Shein,,DE,,USA,8d313e12-f5d1-4c14-b9de-a974d3b55660
e5e86798-d571-4c31-b0bc-d3b7194e3b0f,WMT PLUS Nov 2024,,WMT PLUS Nov 2024,,AR,72716,USA,
e6163939-b2cf-47c1-a130-4debea503fb3,MEIJER STORE #151,MEIJER STORE,Meijer,,KY,41042,USA,1238ef25-d463-4e01-a907-868776df17af
e689de00-f37c-4edd-8a29-de5a9d6b973c,BURGER KING #3827,BURGER KING,Burger King,,CA,95127,USA,8b52ff0c-d651-4f68-bbd3-2750086d297a
e68a24ae-8039-4587-9f69-e150b8851394,NNT WWW.BESTBUY.COM781901,NNT WWW BESTBUY COM781901,Best Buy,,MN,,USA,e7c22c18-09a6-4dee-b28d-41215f163ba2
e69b859c-741e-4d80-aeed-748bf916ae75,WALMART.COM,WALMART COM,Walmart,,AR,72716,USA,b44e177a-7699-4b7b-9e48-0aa438f3edef
e6ee4c2d-e2a0-4e7a-9f10-041f69f7123c,FRYS-FOOD 3255 S. RURA,FRYS FOOD S RURA,Fry'S Food And Drug,,AZ,85282,USA,9e2fa388-6eb2-4c92-ac5f-8eaaac9e562c
e761cfdd-918e-44d1-b9bd-635932cef7bf,WOODMANS FOOD M BUFFALO GROVE IL 03/02,,Woodmans Food,Buffalo Grove,IL,,,
e764d699-8ede-4346-a667-7c9f09d32c65,WALGREENS #9933,WALGREENS,Walgreens,,NJ,08822,USA,96d73295-5392-4975-a0cd-aabca0fb7ddc
e7c2a6c1-f50e-4f73-bfe2-a0cf482d9ddc,Costco,COSTCO,Costco,Lancaster,CA,93534,,902e7383-061f-44a8-8faa-4582d559dd3e
e85865d0-6024-47db-8769-90224b8ab81a,City Farmers Market 6 I,CITY FARMERS MARKET 6 I,City Market,Duluth,GA,,,6899ec1e-99be-4a54-906c-2af2c5013b51
e88ed5ca-ef05-49e0-93b6-b8a21402571b,FRYS-FOOD 2700 W. BASE,FRYS FOOD W BASE,Fry'S Food And Drug,,AZ,85283,USA,9e2fa388-6eb2-4c92-ac5f-8eaaac9e562c
e93bbaba-b06c-4771-a3f6-6082d2f576d5,Staples,STAPLES,Staples,,MD,20742,USA,b823b323-cde1-4edc-8c84-f7d7520aed5e
e9651d67-623b-4dca-a52e-960987b7d8fa,PUBLIX #1373,PUBLIX,Publix,,12,33647,USA,4dd2a308-c975-4bd3-bdfc-adaf5195a398
e9d66e47-ae41-4da3-a043-a9710d06d527,DUNKIN #351384 Q35,DUNKIN Q35,Dunkin',,FL,34602,USA,38c51a81-748f-458c-9b02-71c0c49f286a
e9e3705f-54b2-4c96-8ec9-72de67423342,Etsy.com*comicreplicas,ETSY COM,Etsy,,NY,11201,USA,61d2fdd9-3b4c-4510-ad54-daf4ee7d1750
ea1c2de2-8186-42da-bc2a-671bc3671b30,ADOBE INC.,ADOBE INC,Adobe,,CA,,USA,67d7c342-a16e-434f-b0af-824f62496cb1
eaa0cb20-bf5e-4481-b229-a78df7c84e90,WGC*NEIMANMARCUS,,WGC*NEIMANMARCUS,,TX,,USA,
eadc436e-f795-4eb5-bfac-0c4e18e7dea6,ULTA #646,ULTA,Ulta Beauty,,WI,532170000,USA,17f9e267-684b-44b2-b72a-5f7f28b1b9e4
ebab33af-8ec9-4915-b58b-cedf2bce56af,DOMINO'S 8624,DOMINO S,Domino'S,,FL,32305,USA,8f2bd73f-2847-488a-b720-ee5d6a5631b3
ebda2c36-7772-4255-85ba-675e53d1b414,WHOLEFDS RSQ 10103,WHOLEFDS RSQ,Whole Foods Market,,WA,,USA,90999ee1-01bb-41dc-886e-34c9b6cd012d
ebed2af7-1868-454a-883a-f40778e984f3,DSW.,DSW,Dick'S Sporting Goods,,OH,43219,USA,b8ebe955-2f56-410a-9608-0b14e70bbe56
ec7cd467-8972-4d61-9ff2-e3808be9b973,WAL-MART #3522,WAL MART,H Mart,,CA,91706,USA,9af19142-a550-45f6-a17f-d32a9cb1cf81
ecafde21-3a55-4908-a84d-03c5cd6193e0,Chime,CHIME,Chime,,CA,,USA,561c1c49-8179-4915-9bd8-f66b7cdd9648
ece4b8eb-9a79-48d3-a4d8-82b66dadffc3,WAL-MART #2853,WAL MART,H Mart,,MD,,USA,9af19142-a550-45f6-a17f-d32a9cb1cf81
ed27a93d-70ff-4f71-8b29-51588bc5bb82,WALMART.COM,WALMART COM,Walmart,,AR,,USA,b44e177a-7699-4b7b-9e48-0aa438f3edef
ed355225-477f-40d2-b435-92c3cddccb43,CHIPOTLE 0517,CHIPOTLE,Chipotle,,VA,20170,USA,010e2765-1c27-41d3-a642-e1c16de67480
ed412b8f-65ac-4927-b408-adf0fcfc8699,TRADER JOE S #608,TRADER JOE S,Trader Joe'S,,NJ,,USA,6f7809ab-f60d-49fd-bc8e-d764968ef2ee
eed889ed-48a5-40ca-9a4b-189f6bf178c7,Staples Promo,STAPLES PROMO,Staples,,KS,66210,USA,b823b323-cde1-4edc-8c84-f7d7520aed5e
eedfd021-2b19-41f9-ac79-75f64b972a8a,BESTBUYCOM806962544394,BESTBUYCOM806962544394,Best Buy,,MN,55423,USA,e7c22c18-09a6-4dee-b28d-41215f163ba2
ef2428cf-a438-4fab-a886-22204a658c5c,Card Hold; eBay O*23-12863 eBay O*23-12863-311San Jose,CARD HOLD EBAY O,Ebay,,CA,,US,619e0c0f-7b7f-41a0-84d5-1920a88e5eff
efa3b4aa-9561-49b5-bf78-50a77509ad68,Steam Purchase,STEAM PURCHASE,Steam,,HH,20459,DEU,543f9e7f-9e88-4374-891c-819c8483ad17
f07cc079-fa4b-455f-9b6f-0a2bfb69a772,Cinnabon,CINNABON,Cinnabon,Westminster,CA,92683-,,a1859719-bc9a-47dd-8632-5cdb34844bcd
f09b9fd3-de39-4962-8a98-4da65f7bbb7c,IKEA 447214199,IKEA,Ikea,,MD,21236,USA,5cc99a2b-7c71-4e8d-a292-52ce22d8ba3c
f09f4607-b8bf-4b43-aff8-347b5a1f8405,Dsw.,DSW,Dick'S Sporting Goods,,OH,,,b8ebe955-2f56-410a-9608-0b14e70bbe56
f102b14e-8eb2-4b15-84d9-a644673c87b5,AIRBNB * HMKMPZN9HX,AIRBNB,Airbnb,,CA,941030000,USA,b9268df3-3cb2-4361-8629-433889870aa5
f11a62ea-dd4c-4d0b-ba08-d8df10e0a509,HOTELCOM72057300354359,HOTELCOM72057300354359,Hotels.Com,,53,98119,USA,19fa92c4-f97b-4c2e-afb9-fe5237b4c32e
f13d03b1-0e0e-48c8-9e31-80d2603071b3,H MART SAN DIEGO LLC,H MART,H Mart,,CA,92126,USA,9af19142-a550-45f6-a17f-d32a9cb1cf81
f1f23995-8fdd-475c-88f1-1aba1b91f3cf,FIVE GUYS FL 1854 QSR,FIVE GUYS FL QSR,Five Guys,,FL,34746,USA,b001914d-bf46-43f7-8daf-8190fd5e6e43
f222311d-d4f1-432a-a96b-7253b889b7ed,NIKE INC,NIKE INC,Nike,,OR,97005,USA,af335e15-e401-4327-af9d-85471b17c941
f22e5513-66de-45e4-b4a4-a2ac3255c79d,WMT PLUS Sep 2024,,WMT PLUS Sep 2024,,05,72716,USA,
f2353d55-91fe-43e2-875e-62d237459991,NETFLIX,NETFLIX,Netflix,,CA,,USA,26190b22-a846-4ab9-a1b3-c61ace464a75
f262bf58-0798-4738-b61d-dd9dd64d95db,Dick's Sporting,DICK S SPORTING,Dick'S Sporting Goods,Union Gap,WA,,,b8ebe955-2f56-410a-9608-0b14e70bbe56
f3960b0c-6d71-40a3-8f21-96e24b5d11a2,WEIS MARKETS #147 SH,WEIS MARKETS SH,Weis Markets,,NJ,,USA,86701de6-b870-4fa5-a30b-dcb251340204
f3d31ed4-9025-446f-990a-81bc829d6f60,PIZZA HUT 004473,PIZZA HUT,Pizza Hut,,VA,230590000,USA,2b1fe211-18da-480d-a17d-054d5000c295
f3f05b95-f55d-4926-8760-2e21924848d1,CINEMARK MOVIE CLUB,CINEMARK MOVIE CLUB,Cinemark,,TX,75093,USA,5b5c1b85-0a41-460d-92be-fddef50601c0
f54359b2-6c59-4d67-ab8d-43bd27bbb0cd,"STUBHUB, INC.",STUBHUB INC,Stubhub,,CA,94105,USA,13a2f530-29a6-4b36-bf02-268b5b765ca9
f6d7293e-69a3-433d-9abd-e561f5ce4038,KLARNA* KLARNA PLUS,KLARNA,Klarna,,OH,43215,USA,633a1451-a94c-47a0-9cd0-3fa2dd41ea16
f6f83d5d-8e3a-4ea2-a4d0-80e4cc3e6995,NNTCWWW.BESTBUY.COM531302,NNTCWWW BESTBUY COM531302,Best Buy,,MN,,USA,e7c22c18-09a6-4dee-b28d-41215f163ba2
f78697f2-1594-459e-b565-770ad671e87d,IBOTTA* STARBUCKS GC,IBOTTA,Ibotta,,CO,,USA,70c572a1-545b-4e46-8e50-4bcda16c4e34
f84add9f-f2f7-42ba-a7a0-608ae120bf8a,NNT WWW.TARGET.COM 971901,NNT WWW TARGET COM,Target,,MN,,USA,5708f213-3880-4f90-9670-0d9d70430050
f8c0441c-ed12-4c3c-ade3-debff422ab68,UBER*TRIP,UBER,Uber,,UT,84043,USA,a6ebb452-1fb7-45a5-a29f-21007c26fcbc
f930a1dc-907d-4a69-bc74-c5818aca3796,TARGET T-0876,TARGET T,Target,,TX,76051,USA,5708f213-3880-4f90-9670-0d9d70430050
f9793ebd-1ee6-4ad3-96aa-da2210edcb66,DicksSportingGoods.com,DICK'S SPORTING GOODS,Dick'S Sporting Goods,,PA,,USA,b8ebe955-2f56-410a-9608-0b14e70bbe56
f99b297c-27be-4d25-b605-4d5c2bf49d03,Cracker Barrel,CRACKER BARREL,Cracker Barrel,Harrisburg,PA,,US,f3519e00-8e91-44d4-ac2b-83bd89d7e182
fa13b000-35a5-4c47-9e5f-3e72023d0273,CHEDDAR'S 0202093,,Cheddars Scratch Kitchen,Orlando,FL,,,
fa506a81-57be-4362-b2b6-ab3194945620,Dick's Sportinggoods,DICK S SPORTINGGOODS,Dick'S Sporting Goods,Mishawaka,IN,,,b8ebe955-2f56-410a-9608-0b14e70bbe56
faec138c-e519-4bf7-b653-5194afda500a,WMT PLUS Oct 2024,,WMT PLUS Oct 2024,,05,72716,USA,
fb2caab6-cd5f-4806-8727-fcd00692820a,NIKE.COM,NIKE COM,Nike,,OR,970050000,USA,af335e15-e401-4327-af9d-85471b17c941
fb448a26-2aa8-44f4-b3e4-18abbe57ea97,Adidas_us,ADIDAS,Adidas,,SC,,,ab705d99-bb1a-4a3c-8c35-5d8137a8263e
fbdef38f-6121-4599-9f2e-ada19c014505,LinkedIn Pre P21429444,LINKEDIN PRE P21429444,Linkedin,,CA,94043,USA,a7195b2a-196b-4b52-86e5-0102029d6dc2
fc0adef4-7d13-4133-aeb2-f548016beba1,AUNTIE ANNE,AUNTIE ANNE,Auntie Anne'S,,OH,44135,USA,790ac5c8-f700-46de-806e-0981247a06c6
fc11540c-293e-44d0-90ac-36534f65a157,WALMART.COM 8009256278,WALMART COM,Walmart,,05,72716,USA,b44e177a-7699-4b7b-9e48-0aa438f3edef
fc3e4b97-3de2-4f86-9a76-1b4f8c13fe27,"SHEINUSServices,LLC.",SHEINUSSERVICES LLC,Shein,,10,19934,USA,8d313e12-f5d1-4c14-b9de-a974d3b55660
fc9f5357-609f-495b-aa73-22ff90924d1d,DICK'S Sporting Goods,DICK S SPORTING GOODS,Dick'S Sporting Goods,Phoenix,AZ,,,b8ebe955-2f56-410a-9608-0b14e70bbe56
fd8c76bb-46e6-4c76-bcfa-bc6ea5625b6c,WWW COSTCO CA,WWW COSTCO CA,Costco,,ON,K2E 1C5,CAN,902e7383-061f-44a8-8faa-4582d559dd3e
fdf177db-c4c0-4eae-bdc8-87ca1c19772a,SAMS CLUB #4852,SAMS CLUB,Sam'S Club,,12,33544,USA,7d9779f0-31b5-450c-879f-5f3e6d8d73bb
fdfbf2bb-1036-4889-8f8c-d55ab961c6e0,NNT WWW.BESTBUY.COM172701,NNT WWW BESTBUY COM172701,Best Buy,,MN,,USA,e7c22c18-09a6-4dee-b28d-41215f163ba2
fe592e13-90ae-4c4d-8855-12f6b6cc2cc9,LongHorn Steakhouse,LONGHORN STEAKHOUSE,Longhorn Steakhouse,,TX,78701,USA,54e2404b-32f1-49f4-97f4-f6805ac4b4df
ff0ccf52-30f4-4b9a-be00-66b9bcc5c527,Dsw,DSW,Dick'S Sporting Goods,Middleton,WI,,,b8ebe955-2f56-410a-9608-0b14e70bbe56
ff1ba081-2367-4709-aa4e-8a9ad25c2cbf,STAPLES.COM,STAPLES COM,Staples,,CT,062600000,USA,b823b323-cde1-4edc-8c84-f7d7520aed5e
ff6e3d73-dbb7-4653-af76-b41a8a26f15b,SIXFLAGS OG AUSTELL GA,SIXFLAGS OG AUSTELL GA,Six Flags,,GA,30168,USA,30d98946-1e0b-42a8-8951-6d3e7cff2638
ffaf7fd6-b2df-40cd-8ff0-73f7dcb2bd72,DELTA AIR   0062258944936,DELTA AIR,Delta Air Lines,,CA,30354,USA,f3677d26-ebe2-4a7a-bcb3-a5ed3f2b551b
ffc8ac60-5be9-45a6-97dc-729d95555d1f,Adidas_US 178-14015000,ADIDAS,Adidas,,SC,,,ab705d99-bb1a-4a3c-8c35-5d8137a8263e
